
********************************** INPUT START **********************************
nelec                                                           26
spin                                                             0
twodot_to_onedot                                                14
orbitals                                                   FCIDUMP
maxiter                                                         22
sweep_tol                                               1.0000e-06
outputlevel                                                      2
hf_occ                                                    integral
twopdm                                                            
prefix                                            /tmp/tmp9a62_vaw
num_thrds                                                       20
mem                                                            4 g
schedule                  Sweep   0-   3 : Mmps =   200 Noise =    0.0001 DavTol =    0.0001
                          Sweep   4-   5 : Mmps =   250 Noise =    0.0001 DavTol =    0.0001
                          Sweep   6-   7 : Mmps =   250 Noise =     1e-05 DavTol =     1e-05
                          Sweep   8-   9 : Mmps =   250 Noise =     1e-06 DavTol =     1e-06
                          Sweep  10-  21 : Mmps =   250 Noise =         0 DavTol =     1e-07
irrep                                                            1
********************************** INPUT END   **********************************

SPIN ADAPTED - REAL DOMAIN - DOUBLE PREC
qc mpo type =  QCTypes.Conventional
 UseMainStack = 0 MinDiskUsage = 1 MinMemUsage = 0 IBuf = 0 OBuf = 0
 FPCompression: prec = 1.00e-16 chunk = 1024
 IMain = 0 B / 267 MB DMain = 0 B / 1.34 GB ISeco = 0 B / 114 MB DSeco = 0 B / 2.01 GB
 OpenMP = 1 TBB = 0 BLIS = 0 MKL = GNU 2021.0.4 SeqType = Tasked MKLIntLen = 4
 THREADING = 2 layers : Global | Operator BatchedGEMM 
 NUMBER : Global = 20 Operator = 20 Quanta = 0 MKL = 1
 COMPLEX = 1 SINGLE-PREC = 1 KSYMM = 0
using fiedler reorder =  [11  8 17  9 13 16 10  6 18  7 19 14 15 12 20  5 21  4  3 22 26  2  0  1
 24 23 25]
read integral finished 1.1045279090030817
integral sym error =            0
MinMPOMemUsage =  False
MPS =  CCRRRRRRRRRRRRRRRRRRRRRRRRR 0 2 < N=26 S=0 PG=0 >
GS INIT MPS BOND DIMS =       1     3    10    35   126   213   216   223   229   240   243   256   263   280   280   263   256   243   240   229   223   216   213   126    35    10     3     1
pre-mpo memory usage =  147 MB
build mpo start ...
build mpo finished ... Tread = 0.000 Twrite = 0.000 T = 0.214
simpl mpo start ...
simpl mpo finished ... Tread = 0.000 Twrite = 0.000 T = 0.574
GS MPO BOND DIMS =      32    39    50    65    84   107   134   165   200   239   282   329   380   380   329   282   239   200   165   134   107    84    65    50    39    32     1
build 1pdm mpo 2.9427311819890747
build identity mpo 2.9598929779895116
memory usage =  360 MB
para mpo finished 2.961331728991354
Environment initialization | Nsites =    27 | Center =     0
 INIT-R <-- Site =   24 ..  Bmem =   520 B Rmem =   520 B T = 0.19
 INIT-R <-- Site =   23 ..  Bmem = 5.63 KB Rmem = 5.63 KB T = 0.03
 INIT-R <-- Site =   22 ..  Bmem = 71.5 KB Rmem = 71.5 KB T = 0.01
 INIT-R <-- Site =   21 ..  Bmem = 0.98 MB Rmem = 0.98 MB T = 0.01
 INIT-R <-- Site =   20 ..  Bmem = 14.8 MB Rmem = 3.00 MB T = 0.04
 INIT-R <-- Site =   19 ..  Bmem = 47.1 MB Rmem = 3.44 MB T = 0.04
 INIT-R <-- Site =   18 ..  Bmem = 55.0 MB Rmem = 3.97 MB T = 0.05
 INIT-R <-- Site =   17 ..  Bmem = 64.3 MB Rmem = 4.51 MB T = 0.05
 INIT-R <-- Site =   16 ..  Bmem = 73.7 MB Rmem = 5.18 MB T = 0.06
 INIT-R <-- Site =   15 ..  Bmem = 84.8 MB Rmem = 5.57 MB T = 0.07
 INIT-R <-- Site =   14 ..  Bmem = 91.4 MB Rmem = 6.43 MB T = 0.08
 INIT-R <-- Site =   13 ..  Bmem =  106 MB Rmem = 6.91 MB T = 0.09
 INIT-R <-- Site =   12 ..  Bmem =  113 MB Rmem = 16.5 MB T = 0.28
 INIT-R <-- Site =   11 ..  Bmem =  112 MB Rmem = 7.82 MB T = 0.05
 INIT-R <-- Site =   10 ..  Bmem = 96.3 MB Rmem = 6.91 MB T = 0.05
 INIT-R <-- Site =    9 ..  Bmem = 83.5 MB Rmem = 6.43 MB T = 0.04
 INIT-R <-- Site =    8 ..  Bmem = 76.3 MB Rmem = 5.57 MB T = 0.04
 INIT-R <-- Site =    7 ..  Bmem = 64.6 MB Rmem = 5.18 MB T = 0.04
 INIT-R <-- Site =    6 ..  Bmem = 58.5 MB Rmem = 4.51 MB T = 0.04
 INIT-R <-- Site =    5 ..  Bmem = 49.5 MB Rmem = 3.97 MB T = 0.04
 INIT-R <-- Site =    4 ..  Bmem = 41.8 MB Rmem = 3.44 MB T = 0.02
 INIT-R <-- Site =    3 ..  Bmem = 34.7 MB Rmem = 3.00 MB T = 0.02
 INIT-R <-- Site =    2 ..  Bmem = 28.3 MB Rmem = 0.98 MB T = 0.01
 INIT-R <-- Site =    1 ..  Bmem = 8.45 MB Rmem = 71.5 KB T = 0.01
 INIT-R <-- Site =    0 ..  Bmem =  505 KB Rmem = 5.63 KB T = 0.00
Time init sweep =        1.359 | MaxBmem =  113 MB | MaxRmem = 16.5 MB
 | Tread = 0.000 | Twrite = 0.294 | Tfpread = 0.000 | Tfpwrite = 0.290 | data = 114 MB | cpsd = 84.7 MB | Tasync = 0.000

env init finished 4.326875974002178

Sweep =    0 | Direction =  forward | Bond dimension =  200 | Noise =  1.00e-04 | Dav threshold =  1.00e-04
 --> Site =    0-   1 .. Mmps =    3 Ndav =   8 E =  -1565.4954520651 Error = 0.00e+00 FLOPS = 1.55e+06 Tdav = 0.03 T = 0.29
 --> Site =    1-   2 .. Mmps =   10 Ndav =   7 E =  -1565.5656767507 Error = 0.00e+00 FLOPS = 7.12e+08 Tdav = 0.00 T = 0.02
 --> Site =    2-   3 .. Mmps =   35 Ndav =  14 E =  -1565.6639561410 Error = 0.00e+00 FLOPS = 1.10e+10 Tdav = 0.01 T = 0.03
 --> Site =    3-   4 .. Mmps =  126 Ndav =  19 E =  -1565.8746815371 Error = 0.00e+00 FLOPS = 2.26e+10 Tdav = 0.10 T = 0.13
 --> Site =    4-   5 .. Mmps =  200 Ndav =   5 E =  -1566.1142941156 Error = 2.86e-07 FLOPS = 4.20e+10 Tdav = 0.07 T = 0.11
 --> Site =    5-   6 .. Mmps =  200 Ndav =   5 E =  -1566.5784973153 Error = 6.84e-08 FLOPS = 3.65e+10 Tdav = 0.18 T = 0.26
 --> Site =    6-   7 .. Mmps =  200 Ndav =   5 E =  -1566.7538986857 Error = 9.45e-09 FLOPS = 3.76e+10 Tdav = 0.17 T = 0.25
 --> Site =    7-   8 .. Mmps =  200 Ndav =   8 E =  -1566.9312165947 Error = 4.04e-08 FLOPS = 4.29e+10 Tdav = 0.18 T = 0.26
 --> Site =    8-   9 .. Mmps =  200 Ndav =  12 E =  -1567.1160054156 Error = 1.44e-07 FLOPS = 3.11e+10 Tdav = 0.24 T = 0.33
 --> Site =    9-  10 .. Mmps =  200 Ndav =  10 E =  -1567.3533867981 Error = 6.87e-08 FLOPS = 2.22e+10 Tdav = 0.20 T = 0.31
 --> Site =   10-  11 .. Mmps =  200 Ndav =  11 E =  -1567.5631300684 Error = 1.83e-07 FLOPS = 1.62e+10 Tdav = 0.20 T = 0.39
 --> Site =   11-  12 .. Mmps =  200 Ndav =  19 E =  -1567.8187244778 Error = 1.74e-07 FLOPS = 1.35e+10 Tdav = 0.35 T = 0.47
 --> Site =   12-  13 .. Mmps =  200 Ndav =  11 E =  -1568.2337758959 Error = 1.08e-09 FLOPS = 1.02e+10 Tdav = 0.21 T = 0.35
 --> Site =   13-  14 .. Mmps =  200 Ndav =   9 E =  -1568.3732799744 Error = 5.13e-10 FLOPS = 1.03e+10 Tdav = 0.21 T = 0.42
 --> Site =   14-  15 .. Mmps =  200 Ndav =   4 E =  -1568.4062921919 Error = 1.15e-09 FLOPS = 6.97e+09 Tdav = 0.10 T = 0.20
 --> Site =   15-  16 .. Mmps =  200 Ndav =  10 E =  -1568.4931950265 Error = 1.00e-09 FLOPS = 9.60e+09 Tdav = 0.15 T = 0.24
 --> Site =   16-  17 .. Mmps =  200 Ndav =   4 E =  -1568.5286454556 Error = 8.61e-10 FLOPS = 1.11e+10 Tdav = 0.04 T = 0.11
 --> Site =   17-  18 .. Mmps =  200 Ndav =  12 E =  -1568.7625061484 Error = 2.96e-10 FLOPS = 1.32e+10 Tdav = 0.07 T = 0.13
 --> Site =   18-  19 .. Mmps =  200 Ndav =  16 E =  -1568.8547428453 Error = 4.71e-10 FLOPS = 1.55e+10 Tdav = 0.09 T = 0.14
 --> Site =   19-  20 .. Mmps =  200 Ndav =   6 E =  -1568.8893687309 Error = 4.67e-09 FLOPS = 2.09e+10 Tdav = 0.04 T = 0.09
 --> Site =   20-  21 .. Mmps =  200 Ndav =   8 E =  -1569.0315397406 Error = 3.15e-08 FLOPS = 2.70e+10 Tdav = 0.06 T = 0.10
 --> Site =   21-  22 .. Mmps =  200 Ndav =  27 E =  -1569.1974366350 Error = 2.23e-07 FLOPS = 2.43e+10 Tdav = 0.21 T = 0.25
 --> Site =   22-  23 .. Mmps =  200 Ndav =   1 E =  -1569.1974366572 Error = 1.42e-08 FLOPS = 1.74e+10 Tdav = 0.00 T = 0.03
 --> Site =   23-  24 .. Mmps =  200 Ndav =   1 E =  -1569.1974366593 Error = 2.27e-11 FLOPS = 7.94e+09 Tdav = 0.00 T = 0.02
 --> Site =   24-  25 .. Mmps =   58 Ndav =   1 E =  -1569.1974366593 Error = 1.08e-14 FLOPS = 7.00e+08 Tdav = 0.01 T = 0.04
 --> Site =   25-  26 .. Mmps =   11 Ndav =   1 E =  -1569.1974366593 Error = 6.45e-16 FLOPS = 3.53e+08 Tdav = 0.00 T = 0.01
Time elapsed =      4.981 | E =   -1569.1974366593 | DW = 2.86e-07
Time sweep =        4.981 | 58.4 GFLOP/SWP
 | Dmem = 18.9 MB (3%) | Imem = 600 KB (95%) | Hmem = 119 MB | Pmem = 3.38 MB
 | Tread = 0.088 | Twrite = 0.310 | Tfpread = 0.087 | Tfpwrite = 0.307 | Tmporead = 0.000 | Tasync = 0.000
 | data = 133 MB | cpsd = 102 MB
 | Trot = 0.122 | Tctr = 0.036 | Tint = 0.043 | Tmid = 0.083 | Tdctr = 0.058 | Tdiag = 0.172 | Tinfo = 0.023
 | Teff = 0.908 | Tprt = 0.268 | Teig = 2.950 | Tblk = 4.300 | Tmve = 0.645 | Tdm = 0.039 | Tsplt = 0.034 | Tsvd = 0.000 | Torth = 0.000

Sweep =    1 | Direction = backward | Bond dimension =  200 | Noise =  1.00e-04 | Dav threshold =  1.00e-04
 <-- Site =   25-  26 .. Mmps =    3 Ndav =   1 E =  -1569.1974366593 Error = 0.00e+00 FLOPS = 3.66e+08 Tdav = 0.00 T = 0.01
 <-- Site =   24-  25 .. Mmps =   10 Ndav =   1 E =  -1569.1974366593 Error = 0.00e+00 FLOPS = 4.71e+09 Tdav = 0.00 T = 0.01
 <-- Site =   23-  24 .. Mmps =   34 Ndav =   1 E =  -1569.1974366593 Error = 0.00e+00 FLOPS = 7.84e+09 Tdav = 0.00 T = 0.02
 <-- Site =   22-  23 .. Mmps =  105 Ndav =   1 E =  -1569.1974366593 Error = 0.00e+00 FLOPS = 1.35e+10 Tdav = 0.01 T = 0.03
 <-- Site =   21-  22 .. Mmps =  200 Ndav =   1 E =  -1569.1974366593 Error = 3.21e-09 FLOPS = 1.82e+10 Tdav = 0.01 T = 0.04
 <-- Site =   20-  21 .. Mmps =  200 Ndav =   3 E =  -1569.2002410591 Error = 2.66e-07 FLOPS = 2.65e+10 Tdav = 0.05 T = 0.12
 <-- Site =   19-  20 .. Mmps =  200 Ndav =  10 E =  -1569.2296124258 Error = 6.74e-06 FLOPS = 4.18e+10 Tdav = 0.19 T = 0.26
 <-- Site =   18-  19 .. Mmps =  200 Ndav =  19 E =  -1569.2637646833 Error = 1.90e-05 FLOPS = 4.19e+10 Tdav = 0.40 T = 0.47
 <-- Site =   17-  18 .. Mmps =  200 Ndav =  15 E =  -1569.3362358761 Error = 3.62e-05 FLOPS = 4.05e+10 Tdav = 0.44 T = 0.55
 <-- Site =   16-  17 .. Mmps =  200 Ndav =  37 E =  -1569.4842229459 Error = 3.63e-05 FLOPS = 3.87e+10 Tdav = 1.37 T = 1.48
 <-- Site =   15-  16 .. Mmps =  200 Ndav =  21 E =  -1569.5538689392 Error = 1.26e-05 FLOPS = 3.99e+10 Tdav = 1.03 T = 1.15
 <-- Site =   14-  15 .. Mmps =  200 Ndav =   7 E =  -1569.5915249944 Error = 5.08e-05 FLOPS = 4.11e+10 Tdav = 0.40 T = 0.54
 <-- Site =   13-  14 .. Mmps =  200 Ndav =  10 E =  -1569.6165287967 Error = 3.20e-05 FLOPS = 4.10e+10 Tdav = 0.70 T = 0.86
 <-- Site =   12-  13 .. Mmps =  200 Ndav =   8 E =  -1569.6925510966 Error = 1.07e-04 FLOPS = 4.42e+10 Tdav = 0.52 T = 0.78
 <-- Site =   11-  12 .. Mmps =  200 Ndav =  12 E =  -1569.7505839974 Error = 2.51e-05 FLOPS = 4.38e+10 Tdav = 0.56 T = 0.69
 <-- Site =   10-  11 .. Mmps =  200 Ndav =   7 E =  -1569.7867924179 Error = 8.43e-05 FLOPS = 4.54e+10 Tdav = 0.32 T = 0.44
 <-- Site =    9-  10 .. Mmps =  200 Ndav =  11 E =  -1569.8594289572 Error = 4.35e-04 FLOPS = 5.18e+10 Tdav = 0.43 T = 0.55
 <-- Site =    8-   9 .. Mmps =  200 Ndav =  13 E =  -1569.9103461708 Error = 4.32e-04 FLOPS = 4.95e+10 Tdav = 0.43 T = 0.53
 <-- Site =    7-   8 .. Mmps =  200 Ndav =  20 E =  -1569.9916081203 Error = 1.92e-04 FLOPS = 4.85e+10 Tdav = 0.60 T = 0.68
 <-- Site =    6-   7 .. Mmps =  200 Ndav =  13 E =  -1570.0318710267 Error = 2.05e-05 FLOPS = 4.65e+10 Tdav = 0.28 T = 0.36
 <-- Site =    5-   6 .. Mmps =  200 Ndav =  10 E =  -1570.1338472969 Error = 5.25e-06 FLOPS = 4.64e+10 Tdav = 0.14 T = 0.21
 <-- Site =    4-   5 .. Mmps =  200 Ndav =   5 E =  -1570.1391948756 Error = 1.78e-06 FLOPS = 3.63e+10 Tdav = 0.04 T = 0.09
 <-- Site =    3-   4 .. Mmps =  200 Ndav =   1 E =  -1570.1391940029 Error = 9.88e-08 FLOPS = 2.02e+10 Tdav = 0.00 T = 0.04
 <-- Site =    2-   3 .. Mmps =  200 Ndav =   1 E =  -1570.1391939973 Error = 1.31e-10 FLOPS = 9.53e+09 Tdav = 0.00 T = 0.03
 <-- Site =    1-   2 .. Mmps =   62 Ndav =   1 E =  -1570.1391939973 Error = 5.77e-15 FLOPS = 4.31e+09 Tdav = 0.00 T = 0.02
 <-- Site =    0-   1 .. Mmps =   11 Ndav =   1 E =  -1570.1391939973 Error = 5.94e-15 FLOPS = 4.00e+08 Tdav = 0.00 T = 0.00
Time elapsed =     14.929 | E =   -1570.1391948756 | DE = -9.42e-01 | DW = 4.35e-04
Time sweep =        9.947 | 316 GFLOP/SWP
 | Dmem = 27.7 MB (1%) | Imem = 237 KB (97%) | Hmem = 181 MB | Pmem = 2.82 MB
 | Tread = 0.109 | Twrite = 0.294 | Tfpread = 0.107 | Tfpwrite = 0.291 | Tmporead = 0.000 | Tasync = 0.000
 | data = 168 MB | cpsd = 129 MB
 | Trot = 0.169 | Tctr = 0.040 | Tint = 0.053 | Tmid = 0.086 | Tdctr = 0.055 | Tdiag = 0.037 | Tinfo = 0.019
 | Teff = 0.719 | Tprt = 0.437 | Teig = 7.927 | Tblk = 9.249 | Tmve = 0.695 | Tdm = 0.070 | Tsplt = 0.040 | Tsvd = 0.000 | Torth = 0.000

Sweep =    2 | Direction =  forward | Bond dimension =  200 | Noise =  1.00e-04 | Dav threshold =  1.00e-04
 --> Site =    0-   1 .. Mmps =    3 Ndav =   1 E =  -1570.1391939973 Error = 0.00e+00 FLOPS = 4.57e+08 Tdav = 0.00 T = 0.00
 --> Site =    1-   2 .. Mmps =   10 Ndav =   1 E =  -1570.1391939973 Error = 0.00e+00 FLOPS = 5.32e+09 Tdav = 0.00 T = 0.01
 --> Site =    2-   3 .. Mmps =   35 Ndav =   1 E =  -1570.1391939973 Error = 0.00e+00 FLOPS = 9.88e+09 Tdav = 0.00 T = 0.02
 --> Site =    3-   4 .. Mmps =  125 Ndav =   1 E =  -1570.1391939973 Error = 0.00e+00 FLOPS = 1.64e+10 Tdav = 0.01 T = 0.03
 --> Site =    4-   5 .. Mmps =  200 Ndav =   1 E =  -1570.1391939973 Error = 2.42e-07 FLOPS = 2.15e+10 Tdav = 0.01 T = 0.07
 --> Site =    5-   6 .. Mmps =  200 Ndav =   2 E =  -1570.1393182861 Error = 4.57e-06 FLOPS = 3.33e+10 Tdav = 0.05 T = 0.12
 --> Site =    6-   7 .. Mmps =  200 Ndav =   6 E =  -1570.1440285020 Error = 4.49e-05 FLOPS = 5.04e+10 Tdav = 0.16 T = 0.25
 --> Site =    7-   8 .. Mmps =  200 Ndav =  10 E =  -1570.1600858827 Error = 1.15e-03 FLOPS = 6.05e+10 Tdav = 0.31 T = 0.41
 --> Site =    8-   9 .. Mmps =  200 Ndav =   6 E =  -1570.1729343445 Error = 8.65e-04 FLOPS = 5.51e+10 Tdav = 0.21 T = 0.31
 --> Site =    9-  10 .. Mmps =  200 Ndav =   5 E =  -1570.1961877875 Error = 9.88e-04 FLOPS = 5.91e+10 Tdav = 0.23 T = 0.34
 --> Site =   10-  11 .. Mmps =  200 Ndav =   5 E =  -1570.2072899020 Error = 1.16e-04 FLOPS = 5.28e+10 Tdav = 0.33 T = 0.48
 --> Site =   11-  12 .. Mmps =  200 Ndav =   6 E =  -1570.2239307949 Error = 1.08e-04 FLOPS = 5.58e+10 Tdav = 0.46 T = 0.63
 --> Site =   12-  13 .. Mmps =  200 Ndav =   5 E =  -1570.2414256967 Error = 1.67e-04 FLOPS = 5.60e+10 Tdav = 0.47 T = 0.65
 --> Site =   13-  14 .. Mmps =  200 Ndav =   4 E =  -1570.2442000917 Error = 2.54e-05 FLOPS = 4.51e+10 Tdav = 0.48 T = 0.78
 --> Site =   14-  15 .. Mmps =  200 Ndav =   6 E =  -1570.2528349875 Error = 1.97e-04 FLOPS = 4.63e+10 Tdav = 0.60 T = 0.78
 --> Site =   15-  16 .. Mmps =  200 Ndav =   6 E =  -1570.2581701781 Error = 2.46e-05 FLOPS = 4.50e+10 Tdav = 0.50 T = 0.65
 --> Site =   16-  17 .. Mmps =  200 Ndav =   7 E =  -1570.2772178510 Error = 1.15e-04 FLOPS = 4.49e+10 Tdav = 0.43 T = 0.55
 --> Site =   17-  18 .. Mmps =  200 Ndav =  10 E =  -1570.3438830335 Error = 1.12e-04 FLOPS = 5.26e+10 Tdav = 0.51 T = 0.63
 --> Site =   18-  19 .. Mmps =  200 Ndav =   6 E =  -1570.3667718987 Error = 3.20e-05 FLOPS = 3.60e+10 Tdav = 0.37 T = 0.50
 --> Site =   19-  20 .. Mmps =  200 Ndav =   4 E =  -1570.3722441839 Error = 7.92e-06 FLOPS = 4.11e+10 Tdav = 0.15 T = 0.25
 --> Site =   20-  21 .. Mmps =  200 Ndav =   6 E =  -1570.3811966278 Error = 8.03e-07 FLOPS = 4.49e+10 Tdav = 0.13 T = 0.20
 --> Site =   21-  22 .. Mmps =  200 Ndav =   2 E =  -1570.3813395338 Error = 6.49e-07 FLOPS = 2.24e+10 Tdav = 0.03 T = 0.07
 --> Site =   22-  23 .. Mmps =  200 Ndav =   1 E =  -1570.3813389776 Error = 2.00e-08 FLOPS = 1.61e+10 Tdav = 0.01 T = 0.04
 --> Site =   23-  24 .. Mmps =  200 Ndav =   1 E =  -1570.3813389784 Error = 2.47e-11 FLOPS = 6.77e+09 Tdav = 0.00 T = 0.02
 --> Site =   24-  25 .. Mmps =   59 Ndav =   1 E =  -1570.3813389784 Error = 9.85e-15 FLOPS = 4.46e+09 Tdav = 0.00 T = 0.02
 --> Site =   25-  26 .. Mmps =   11 Ndav =   1 E =  -1570.3813389784 Error = 2.02e-15 FLOPS = 4.00e+08 Tdav = 0.00 T = 0.00
Time elapsed =     22.744 | E =   -1570.3813395338 | DE = -2.42e-01 | DW = 1.15e-03
Time sweep =        7.816 | 248 GFLOP/SWP
 | Dmem = 28.1 MB (2%) | Imem = 176 KB (97%) | Hmem = 186 MB | Pmem = 3.57 MB
 | Tread = 0.140 | Twrite = 0.301 | Tfpread = 0.138 | Tfpwrite = 0.298 | Tmporead = 0.000 | Tasync = 0.000
 | data = 171 MB | cpsd = 132 MB
 | Trot = 0.181 | Tctr = 0.041 | Tint = 0.047 | Tmid = 0.090 | Tdctr = 0.067 | Tdiag = 0.052 | Tinfo = 0.022
 | Teff = 0.812 | Tprt = 0.663 | Teig = 5.434 | Tblk = 7.093 | Tmve = 0.720 | Tdm = 0.082 | Tsplt = 0.044 | Tsvd = 0.000 | Torth = 0.000

Sweep =    3 | Direction = backward | Bond dimension =  200 | Noise =  1.00e-04 | Dav threshold =  1.00e-04
 <-- Site =   25-  26 .. Mmps =    3 Ndav =   1 E =  -1570.3813389784 Error = 0.00e+00 FLOPS = 4.25e+08 Tdav = 0.00 T = 0.00
 <-- Site =   24-  25 .. Mmps =   10 Ndav =   1 E =  -1570.3813389784 Error = 0.00e+00 FLOPS = 4.74e+09 Tdav = 0.00 T = 0.01
 <-- Site =   23-  24 .. Mmps =   34 Ndav =   1 E =  -1570.3813389784 Error = 0.00e+00 FLOPS = 7.82e+09 Tdav = 0.00 T = 0.02
 <-- Site =   22-  23 .. Mmps =  120 Ndav =   1 E =  -1570.3813389784 Error = 0.00e+00 FLOPS = 1.37e+10 Tdav = 0.01 T = 0.03
 <-- Site =   21-  22 .. Mmps =  200 Ndav =   1 E =  -1570.3813389784 Error = 4.17e-08 FLOPS = 1.95e+10 Tdav = 0.02 T = 0.06
 <-- Site =   20-  21 .. Mmps =  200 Ndav =   1 E =  -1570.3813389737 Error = 8.46e-07 FLOPS = 2.63e+10 Tdav = 0.03 T = 0.11
 <-- Site =   19-  20 .. Mmps =  200 Ndav =   2 E =  -1570.3820051231 Error = 1.03e-05 FLOPS = 3.35e+10 Tdav = 0.07 T = 0.17
 <-- Site =   18-  19 .. Mmps =  200 Ndav =   2 E =  -1570.3824582757 Error = 5.65e-05 FLOPS = 4.34e+10 Tdav = 0.09 T = 0.19
 <-- Site =   17-  18 .. Mmps =  200 Ndav =   4 E =  -1570.3851723523 Error = 4.33e-04 FLOPS = 4.90e+10 Tdav = 0.23 T = 0.34
 <-- Site =   16-  17 .. Mmps =  200 Ndav =   4 E =  -1570.3896301445 Error = 3.63e-04 FLOPS = 4.57e+10 Tdav = 0.28 T = 0.41
 <-- Site =   15-  16 .. Mmps =  200 Ndav =   3 E =  -1570.3903215284 Error = 7.24e-05 FLOPS = 4.54e+10 Tdav = 0.29 T = 0.45
 <-- Site =   14-  15 .. Mmps =  200 Ndav =   7 E =  -1570.4039305014 Error = 4.43e-04 FLOPS = 4.49e+10 Tdav = 0.76 T = 0.93
 <-- Site =   13-  14 .. Mmps =  200 Ndav =   5 E =  -1570.4103116295 Error = 4.94e-05 FLOPS = 4.73e+10 Tdav = 0.60 T = 0.79
 <-- Site =   12-  13 .. Mmps =  200 Ndav =   6 E =  -1570.4160939798 Error = 3.15e-04 FLOPS = 5.81e+10 Tdav = 0.52 T = 0.80
 <-- Site =   11-  12 .. Mmps =  200 Ndav =   7 E =  -1570.4310561564 Error = 4.03e-04 FLOPS = 5.38e+10 Tdav = 0.64 T = 0.81
 <-- Site =   10-  11 .. Mmps =  200 Ndav =   3 E =  -1570.4329868490 Error = 1.38e-04 FLOPS = 5.35e+10 Tdav = 0.24 T = 0.38
 <-- Site =    9-  10 .. Mmps =  200 Ndav =   8 E =  -1570.4557908719 Error = 3.51e-03 FLOPS = 5.59e+10 Tdav = 0.47 T = 0.60
 <-- Site =    8-   9 .. Mmps =  200 Ndav =   9 E =  -1570.4709942491 Error = 1.84e-03 FLOPS = 4.85e+10 Tdav = 0.41 T = 0.53
 <-- Site =    7-   8 .. Mmps =  200 Ndav =   6 E =  -1570.4894367687 Error = 1.00e-03 FLOPS = 6.13e+10 Tdav = 0.23 T = 0.33
 <-- Site =    6-   7 .. Mmps =  200 Ndav =   5 E =  -1570.4946575262 Error = 4.62e-05 FLOPS = 5.50e+10 Tdav = 0.15 T = 0.23
 <-- Site =    5-   6 .. Mmps =  200 Ndav =   2 E =  -1570.4950215479 Error = 4.24e-06 FLOPS = 5.01e+10 Tdav = 0.04 T = 0.10
 <-- Site =    4-   5 .. Mmps =  200 Ndav =   2 E =  -1570.4951150991 Error = 8.51e-07 FLOPS = 3.21e+10 Tdav = 0.02 T = 0.07
 <-- Site =    3-   4 .. Mmps =  200 Ndav =   1 E =  -1570.4951146423 Error = 4.30e-08 FLOPS = 1.72e+10 Tdav = 0.00 T = 0.04
 <-- Site =    2-   3 .. Mmps =  200 Ndav =   1 E =  -1570.4951146399 Error = 7.27e-11 FLOPS = 8.78e+09 Tdav = 0.00 T = 0.03
 <-- Site =    1-   2 .. Mmps =   61 Ndav =   1 E =  -1570.4951146399 Error = 9.07e-15 FLOPS = 3.86e+09 Tdav = 0.00 T = 0.02
 <-- Site =    0-   1 .. Mmps =   11 Ndav =   1 E =  -1570.4951146399 Error = 2.45e-15 FLOPS = 3.66e+08 Tdav = 0.00 T = 0.01
Time elapsed =     30.174 | E =   -1570.4951150991 | DE = -1.14e-01 | DW = 3.51e-03
Time sweep =        7.429 | 238 GFLOP/SWP
 | Dmem = 28.6 MB (2%) | Imem = 184 KB (97%) | Hmem = 188 MB | Pmem = 3.70 MB
 | Tread = 0.136 | Twrite = 0.311 | Tfpread = 0.134 | Tfpwrite = 0.308 | Tmporead = 0.000 | Tasync = 0.000
 | data = 170 MB | cpsd = 130 MB
 | Trot = 0.168 | Tctr = 0.040 | Tint = 0.056 | Tmid = 0.083 | Tdctr = 0.057 | Tdiag = 0.042 | Tinfo = 0.021
 | Teff = 0.808 | Tprt = 0.585 | Teig = 5.098 | Tblk = 6.709 | Tmve = 0.718 | Tdm = 0.094 | Tsplt = 0.043 | Tsvd = 0.000 | Torth = 0.000

Sweep =    4 | Direction =  forward | Bond dimension =  250 | Noise =  1.00e-04 | Dav threshold =  1.00e-04
 --> Site =    0-   1 .. Mmps =    3 Ndav =   1 E =  -1570.4951146399 Error = 0.00e+00 FLOPS = 3.86e+08 Tdav = 0.00 T = 0.00
 --> Site =    1-   2 .. Mmps =   10 Ndav =   1 E =  -1570.4951146399 Error = 0.00e+00 FLOPS = 4.84e+09 Tdav = 0.00 T = 0.01
 --> Site =    2-   3 .. Mmps =   35 Ndav =   1 E =  -1570.4951146399 Error = 0.00e+00 FLOPS = 9.07e+09 Tdav = 0.00 T = 0.02
 --> Site =    3-   4 .. Mmps =  124 Ndav =   1 E =  -1570.4951146399 Error = 0.00e+00 FLOPS = 1.38e+10 Tdav = 0.01 T = 0.04
 --> Site =    4-   5 .. Mmps =  250 Ndav =   1 E =  -1570.4951146399 Error = 1.34e-08 FLOPS = 2.40e+10 Tdav = 0.01 T = 0.06
 --> Site =    5-   6 .. Mmps =  250 Ndav =   1 E =  -1570.4951146407 Error = 2.19e-07 FLOPS = 3.11e+10 Tdav = 0.03 T = 0.12
 --> Site =    6-   7 .. Mmps =  250 Ndav =   2 E =  -1570.4952181754 Error = 2.21e-05 FLOPS = 4.43e+10 Tdav = 0.09 T = 0.21
 --> Site =    7-   8 .. Mmps =  250 Ndav =   5 E =  -1570.4991659795 Error = 5.70e-04 FLOPS = 5.38e+10 Tdav = 0.26 T = 0.39
 --> Site =    8-   9 .. Mmps =  250 Ndav =   6 E =  -1570.5051270604 Error = 1.04e-03 FLOPS = 5.38e+10 Tdav = 0.30 T = 0.44
 --> Site =    9-  10 .. Mmps =  250 Ndav =   6 E =  -1570.5294568146 Error = 1.88e-03 FLOPS = 5.51e+10 Tdav = 0.44 T = 0.60
 --> Site =   10-  11 .. Mmps =  250 Ndav =   6 E =  -1570.5370615880 Error = 8.64e-05 FLOPS = 5.75e+10 Tdav = 0.53 T = 0.73
 --> Site =   11-  12 .. Mmps =  250 Ndav =   4 E =  -1570.5407916035 Error = 1.82e-04 FLOPS = 5.86e+10 Tdav = 0.43 T = 0.64
 --> Site =   12-  13 .. Mmps =  250 Ndav =   5 E =  -1570.5503428922 Error = 2.01e-04 FLOPS = 5.96e+10 Tdav = 0.58 T = 0.82
 --> Site =   13-  14 .. Mmps =  250 Ndav =   3 E =  -1570.5511750832 Error = 2.84e-05 FLOPS = 4.68e+10 Tdav = 0.55 T = 0.97
 --> Site =   14-  15 .. Mmps =  250 Ndav =   3 E =  -1570.5542371012 Error = 2.44e-04 FLOPS = 4.67e+10 Tdav = 0.45 T = 0.69
 --> Site =   15-  16 .. Mmps =  250 Ndav =   4 E =  -1570.5589059405 Error = 3.63e-05 FLOPS = 5.00e+10 Tdav = 0.54 T = 0.76
 --> Site =   16-  17 .. Mmps =  250 Ndav =   8 E =  -1570.5797033684 Error = 2.69e-04 FLOPS = 4.68e+10 Tdav = 0.89 T = 1.09
 --> Site =   17-  18 .. Mmps =  250 Ndav =   9 E =  -1570.6050150994 Error = 3.99e-04 FLOPS = 5.23e+10 Tdav = 0.78 T = 0.95
 --> Site =   18-  19 .. Mmps =  250 Ndav =   5 E =  -1570.6142180344 Error = 6.50e-05 FLOPS = 4.71e+10 Tdav = 0.37 T = 0.51
 --> Site =   19-  20 .. Mmps =  250 Ndav =   3 E =  -1570.6164730642 Error = 1.20e-05 FLOPS = 3.79e+10 Tdav = 0.19 T = 0.32
 --> Site =   20-  21 .. Mmps =  250 Ndav =   3 E =  -1570.6224243627 Error = 8.70e-07 FLOPS = 4.49e+10 Tdav = 0.11 T = 0.21
 --> Site =   21-  22 .. Mmps =  250 Ndav =   2 E =  -1570.6229073423 Error = 7.50e-07 FLOPS = 2.65e+10 Tdav = 0.05 T = 0.12
 --> Site =   22-  23 .. Mmps =  250 Ndav =   1 E =  -1570.6229066647 Error = 2.20e-08 FLOPS = 8.64e+09 Tdav = 0.02 T = 0.08
 --> Site =   23-  24 .. Mmps =  250 Ndav =   1 E =  -1570.6229066620 Error = 1.09e-12 FLOPS = 6.94e+09 Tdav = 0.00 T = 0.04
 --> Site =   24-  25 .. Mmps =   61 Ndav =   1 E =  -1570.6229066620 Error = 1.35e-14 FLOPS = 3.95e+09 Tdav = 0.00 T = 0.04
 --> Site =   25-  26 .. Mmps =   12 Ndav =   1 E =  -1570.6229066620 Error = 1.65e-17 FLOPS = 3.47e+08 Tdav = 0.00 T = 0.01
Time elapsed =     40.026 | E =   -1570.6229073423 | DE = -1.28e-01 | DW = 1.88e-03
Time sweep =        9.853 | 314 GFLOP/SWP
 | Dmem = 42.6 MB (2%) | Imem = 195 KB (97%) | Hmem = 280 MB | Pmem = 4.72 MB
 | Tread = 0.164 | Twrite = 0.457 | Tfpread = 0.162 | Tfpwrite = 0.454 | Tmporead = 0.000 | Tasync = 0.000
 | data = 253 MB | cpsd = 194 MB
 | Trot = 0.276 | Tctr = 0.060 | Tint = 0.063 | Tmid = 0.116 | Tdctr = 0.092 | Tdiag = 0.061 | Tinfo = 0.023
 | Teff = 0.965 | Tprt = 0.983 | Teig = 6.630 | Tblk = 8.817 | Tmve = 1.033 | Tdm = 0.116 | Tsplt = 0.065 | Tsvd = 0.000 | Torth = 0.000

Sweep =    5 | Direction = backward | Bond dimension =  250 | Noise =  1.00e-04 | Dav threshold =  1.00e-04
 <-- Site =   25-  26 .. Mmps =    3 Ndav =   1 E =  -1570.6229066620 Error = 0.00e+00 FLOPS = 3.54e+08 Tdav = 0.00 T = 0.00
 <-- Site =   24-  25 .. Mmps =   10 Ndav =   1 E =  -1570.6229066620 Error = 0.00e+00 FLOPS = 4.46e+09 Tdav = 0.00 T = 0.02
 <-- Site =   23-  24 .. Mmps =   35 Ndav =   1 E =  -1570.6229066620 Error = 0.00e+00 FLOPS = 7.39e+09 Tdav = 0.00 T = 0.02
 <-- Site =   22-  23 .. Mmps =  125 Ndav =   1 E =  -1570.6229066620 Error = 0.00e+00 FLOPS = 1.37e+10 Tdav = 0.01 T = 0.04
 <-- Site =   21-  22 .. Mmps =  250 Ndav =   1 E =  -1570.6229066620 Error = 5.54e-08 FLOPS = 2.51e+10 Tdav = 0.02 T = 0.07
 <-- Site =   20-  21 .. Mmps =  250 Ndav =   1 E =  -1570.6229066521 Error = 1.07e-06 FLOPS = 3.11e+10 Tdav = 0.06 T = 0.18
 <-- Site =   19-  20 .. Mmps =  250 Ndav =   2 E =  -1570.6233747204 Error = 2.16e-05 FLOPS = 4.22e+10 Tdav = 0.13 T = 0.27
 <-- Site =   18-  19 .. Mmps =  250 Ndav =   2 E =  -1570.6237395921 Error = 9.19e-05 FLOPS = 4.21e+10 Tdav = 0.19 T = 0.34
 <-- Site =   17-  18 .. Mmps =  250 Ndav =   3 E =  -1570.6250291616 Error = 5.96e-04 FLOPS = 4.83e+10 Tdav = 0.33 T = 0.50
 <-- Site =   16-  17 .. Mmps =  250 Ndav =   3 E =  -1570.6254833938 Error = 3.21e-04 FLOPS = 4.65e+10 Tdav = 0.40 T = 0.60
 <-- Site =   15-  16 .. Mmps =  250 Ndav =   2 E =  -1570.6259377881 Error = 5.19e-05 FLOPS = 4.97e+10 Tdav = 0.32 T = 0.54
 <-- Site =   14-  15 .. Mmps =  250 Ndav =   4 E =  -1570.6338715837 Error = 4.24e-04 FLOPS = 4.99e+10 Tdav = 0.73 T = 0.98
 <-- Site =   13-  14 .. Mmps =  250 Ndav =   6 E =  -1570.6411281991 Error = 4.47e-05 FLOPS = 5.25e+10 Tdav = 1.17 T = 1.45
 <-- Site =   12-  13 .. Mmps =  250 Ndav =   3 E =  -1570.6446730629 Error = 1.86e-04 FLOPS = 5.80e+10 Tdav = 0.44 T = 0.85
 <-- Site =   11-  12 .. Mmps =  250 Ndav =   5 E =  -1570.6548307542 Error = 2.47e-04 FLOPS = 6.05e+10 Tdav = 0.72 T = 0.98
 <-- Site =   10-  11 .. Mmps =  250 Ndav =   3 E =  -1570.6553839711 Error = 1.01e-04 FLOPS = 5.88e+10 Tdav = 0.40 T = 0.63
 <-- Site =    9-  10 .. Mmps =  250 Ndav =   8 E =  -1570.6934107834 Error = 4.07e-03 FLOPS = 6.21e+10 Tdav = 0.80 T = 1.00
 <-- Site =    8-   9 .. Mmps =  250 Ndav =   9 E =  -1570.7177071460 Error = 2.06e-03 FLOPS = 5.70e+10 Tdav = 0.65 T = 0.81
 <-- Site =    7-   8 .. Mmps =  250 Ndav =   5 E =  -1570.7198161423 Error = 5.02e-04 FLOPS = 6.16e+10 Tdav = 0.35 T = 0.49
 <-- Site =    6-   7 .. Mmps =  250 Ndav =   3 E =  -1570.7203398884 Error = 2.14e-05 FLOPS = 5.15e+10 Tdav = 0.18 T = 0.31
 <-- Site =    5-   6 .. Mmps =  250 Ndav =   2 E =  -1570.7204490767 Error = 1.37e-06 FLOPS = 4.15e+10 Tdav = 0.08 T = 0.20
 <-- Site =    4-   5 .. Mmps =  250 Ndav =   1 E =  -1570.7204484902 Error = 2.04e-07 FLOPS = 2.85e+10 Tdav = 0.02 T = 0.09
 <-- Site =    3-   4 .. Mmps =  250 Ndav =   1 E =  -1570.7204484937 Error = 9.89e-09 FLOPS = 1.42e+10 Tdav = 0.01 T = 0.06
 <-- Site =    2-   3 .. Mmps =  250 Ndav =   1 E =  -1570.7204484946 Error = 1.90e-12 FLOPS = 9.31e+09 Tdav = 0.00 T = 0.03
 <-- Site =    1-   2 .. Mmps =   61 Ndav =   1 E =  -1570.7204484946 Error = 8.16e-15 FLOPS = 5.71e+09 Tdav = 0.00 T = 0.03
 <-- Site =    0-   1 .. Mmps =   11 Ndav =   1 E =  -1570.7204484946 Error = 3.87e-15 FLOPS = 3.84e+08 Tdav = 0.00 T = 0.01
Time elapsed =     50.533 | E =   -1570.7204490767 | DE = -9.75e-02 | DW = 4.07e-03
Time sweep =       10.506 | 353 GFLOP/SWP
 | Dmem = 42.3 MB (2%) | Imem = 203 KB (97%) | Hmem = 284 MB | Pmem = 5.58 MB
 | Tread = 0.204 | Twrite = 0.482 | Tfpread = 0.201 | Tfpwrite = 0.479 | Tmporead = 0.000 | Tasync = 0.000
 | data = 251 MB | cpsd = 191 MB
 | Trot = 0.257 | Tctr = 0.059 | Tint = 0.075 | Tmid = 0.110 | Tdctr = 0.084 | Tdiag = 0.062 | Tinfo = 0.023
 | Teff = 1.126 | Tprt = 0.971 | Teig = 7.030 | Tblk = 9.447 | Tmve = 1.057 | Tdm = 0.156 | Tsplt = 0.067 | Tsvd = 0.000 | Torth = 0.000

Sweep =    6 | Direction =  forward | Bond dimension =  250 | Noise =  1.00e-05 | Dav threshold =  1.00e-05
 --> Site =    0-   1 .. Mmps =    3 Ndav =   1 E =  -1570.7204484946 Error = 0.00e+00 FLOPS = 4.35e+08 Tdav = 0.00 T = 0.00
 --> Site =    1-   2 .. Mmps =   10 Ndav =   2 E =  -1570.7204750879 Error = 0.00e+00 FLOPS = 7.05e+09 Tdav = 0.00 T = 0.01
 --> Site =    2-   3 .. Mmps =   35 Ndav =   2 E =  -1570.7204942252 Error = 0.00e+00 FLOPS = 1.17e+10 Tdav = 0.01 T = 0.02
 --> Site =    3-   4 .. Mmps =  125 Ndav =   2 E =  -1570.7205164719 Error = 0.00e+00 FLOPS = 2.03e+10 Tdav = 0.01 T = 0.05
 --> Site =    4-   5 .. Mmps =  250 Ndav =   2 E =  -1570.7205317806 Error = 1.62e-08 FLOPS = 2.94e+10 Tdav = 0.03 T = 0.08
 --> Site =    5-   6 .. Mmps =  250 Ndav =   2 E =  -1570.7205463330 Error = 4.39e-07 FLOPS = 4.50e+10 Tdav = 0.08 T = 0.18
 --> Site =    6-   7 .. Mmps =  250 Ndav =   6 E =  -1570.7206350039 Error = 1.74e-05 FLOPS = 6.19e+10 Tdav = 0.30 T = 0.43
 --> Site =    7-   8 .. Mmps =  250 Ndav =   6 E =  -1570.7215616638 Error = 6.00e-04 FLOPS = 5.91e+10 Tdav = 0.44 T = 0.59
 --> Site =    8-   9 .. Mmps =  250 Ndav =   9 E =  -1570.7251480466 Error = 3.00e-03 FLOPS = 5.93e+10 Tdav = 0.68 T = 0.85
 --> Site =    9-  10 .. Mmps =  250 Ndav =   7 E =  -1570.7278642192 Error = 2.47e-03 FLOPS = 5.93e+10 Tdav = 0.68 T = 0.87
 --> Site =   10-  11 .. Mmps =  250 Ndav =   8 E =  -1570.7380194707 Error = 3.84e-05 FLOPS = 6.27e+10 Tdav = 0.92 T = 1.14
 --> Site =   11-  12 .. Mmps =  250 Ndav =   6 E =  -1570.7412241945 Error = 9.30e-05 FLOPS = 5.83e+10 Tdav = 0.90 T = 1.15
 --> Site =   12-  13 .. Mmps =  250 Ndav =   6 E =  -1570.7463537999 Error = 1.72e-04 FLOPS = 6.48e+10 Tdav = 0.91 T = 1.18
 --> Site =   13-  14 .. Mmps =  250 Ndav =   4 E =  -1570.7468327393 Error = 3.07e-05 FLOPS = 5.50e+10 Tdav = 0.74 T = 1.16
 --> Site =   14-  15 .. Mmps =  250 Ndav =   5 E =  -1570.7494515705 Error = 2.42e-04 FLOPS = 5.00e+10 Tdav = 0.94 T = 1.22
 --> Site =   15-  16 .. Mmps =  250 Ndav =   5 E =  -1570.7517839355 Error = 3.43e-05 FLOPS = 5.75e+10 Tdav = 0.73 T = 0.97
 --> Site =   16-  17 .. Mmps =  250 Ndav =   9 E =  -1570.7652490057 Error = 2.60e-04 FLOPS = 5.25e+10 Tdav = 1.21 T = 1.43
 --> Site =   17-  18 .. Mmps =  250 Ndav =  10 E =  -1570.7741538518 Error = 4.79e-04 FLOPS = 5.62e+10 Tdav = 1.10 T = 1.29
 --> Site =   18-  19 .. Mmps =  250 Ndav =   6 E =  -1570.7759932742 Error = 7.42e-05 FLOPS = 5.30e+10 Tdav = 0.54 T = 0.71
 --> Site =   19-  20 .. Mmps =  250 Ndav =   3 E =  -1570.7767060390 Error = 2.17e-05 FLOPS = 4.46e+10 Tdav = 0.22 T = 0.35
 --> Site =   20-  21 .. Mmps =  250 Ndav =   4 E =  -1570.7782472483 Error = 5.08e-07 FLOPS = 5.31e+10 Tdav = 0.17 T = 0.28
 --> Site =   21-  22 .. Mmps =  250 Ndav =   2 E =  -1570.7782743595 Error = 4.26e-07 FLOPS = 2.99e+10 Tdav = 0.05 T = 0.12
 --> Site =   22-  23 .. Mmps =  250 Ndav =   1 E =  -1570.7782736034 Error = 2.24e-09 FLOPS = 1.72e+10 Tdav = 0.01 T = 0.06
 --> Site =   23-  24 .. Mmps =  250 Ndav =   1 E =  -1570.7782736032 Error = 6.51e-13 FLOPS = 8.68e+09 Tdav = 0.00 T = 0.04
 --> Site =   24-  25 .. Mmps =   59 Ndav =   1 E =  -1570.7782736032 Error = 7.17e-15 FLOPS = 4.94e+09 Tdav = 0.00 T = 0.03
 --> Site =   25-  26 .. Mmps =   11 Ndav =   1 E =  -1570.7782736032 Error = 3.10e-15 FLOPS = 3.44e+08 Tdav = 0.00 T = 0.01
Time elapsed =     64.748 | E =   -1570.7782743595 | DE = -5.78e-02 | DW = 3.00e-03
Time sweep =       14.216 | 561 GFLOP/SWP
 | Dmem = 42.3 MB (2%) | Imem = 201 KB (97%) | Hmem = 279 MB | Pmem = 5.79 MB
 | Tread = 0.201 | Twrite = 0.450 | Tfpread = 0.199 | Tfpwrite = 0.447 | Tmporead = 0.000 | Tasync = 0.000
 | data = 252 MB | cpsd = 191 MB
 | Trot = 0.273 | Tctr = 0.060 | Tint = 0.076 | Tmid = 0.115 | Tdctr = 0.084 | Tdiag = 0.062 | Tinfo = 0.022
 | Teff = 1.113 | Tprt = 1.109 | Teig = 10.662 | Tblk = 13.167 | Tmve = 1.046 | Tdm = 0.146 | Tsplt = 0.062 | Tsvd = 0.000 | Torth = 0.000

Sweep =    7 | Direction = backward | Bond dimension =  250 | Noise =  1.00e-05 | Dav threshold =  1.00e-05
 <-- Site =   25-  26 .. Mmps =    3 Ndav =   1 E =  -1570.7782736032 Error = 0.00e+00 FLOPS = 3.96e+08 Tdav = 0.00 T = 0.00
 <-- Site =   24-  25 .. Mmps =   10 Ndav =   1 E =  -1570.7782736032 Error = 0.00e+00 FLOPS = 4.75e+09 Tdav = 0.00 T = 0.01
 <-- Site =   23-  24 .. Mmps =   35 Ndav =   1 E =  -1570.7782736032 Error = 0.00e+00 FLOPS = 6.95e+09 Tdav = 0.00 T = 0.02
 <-- Site =   22-  23 .. Mmps =  125 Ndav =   1 E =  -1570.7782736032 Error = 0.00e+00 FLOPS = 1.47e+10 Tdav = 0.01 T = 0.04
 <-- Site =   21-  22 .. Mmps =  250 Ndav =   1 E =  -1570.7782736032 Error = 2.01e-08 FLOPS = 2.79e+10 Tdav = 0.03 T = 0.08
 <-- Site =   20-  21 .. Mmps =  250 Ndav =   1 E =  -1570.7782735923 Error = 1.78e-07 FLOPS = 3.62e+10 Tdav = 0.06 T = 0.16
 <-- Site =   19-  20 .. Mmps =  250 Ndav =   2 E =  -1570.7783811007 Error = 2.45e-05 FLOPS = 4.48e+10 Tdav = 0.14 T = 0.28
 <-- Site =   18-  19 .. Mmps =  250 Ndav =   3 E =  -1570.7785588322 Error = 9.06e-05 FLOPS = 5.59e+10 Tdav = 0.24 T = 0.40
 <-- Site =   17-  18 .. Mmps =  250 Ndav =   4 E =  -1570.7797176920 Error = 5.89e-04 FLOPS = 5.43e+10 Tdav = 0.43 T = 0.66
 <-- Site =   16-  17 .. Mmps =  250 Ndav =   4 E =  -1570.7797943852 Error = 3.57e-04 FLOPS = 5.16e+10 Tdav = 0.51 T = 0.72
 <-- Site =   15-  16 .. Mmps =  250 Ndav =   3 E =  -1570.7794920621 Error = 4.24e-05 FLOPS = 5.05e+10 Tdav = 0.48 T = 0.72
 <-- Site =   14-  15 .. Mmps =  250 Ndav =   5 E =  -1570.7819709793 Error = 4.13e-04 FLOPS = 5.13e+10 Tdav = 0.96 T = 1.22
 <-- Site =   13-  14 .. Mmps =  250 Ndav =   3 E =  -1570.7817291127 Error = 4.20e-05 FLOPS = 5.11e+10 Tdav = 0.63 T = 0.91
 <-- Site =   12-  13 .. Mmps =  250 Ndav =   4 E =  -1570.7823343529 Error = 2.03e-04 FLOPS = 6.37e+10 Tdav = 0.60 T = 0.99
 <-- Site =   11-  12 .. Mmps =  250 Ndav =   4 E =  -1570.7829871066 Error = 1.06e-04 FLOPS = 6.06e+10 Tdav = 0.54 T = 0.80
 <-- Site =   10-  11 .. Mmps =  250 Ndav =   4 E =  -1570.7831530614 Error = 6.59e-05 FLOPS = 6.14e+10 Tdav = 0.48 T = 0.72
 <-- Site =    9-  10 .. Mmps =  250 Ndav =   9 E =  -1570.7922500947 Error = 3.03e-03 FLOPS = 6.24e+10 Tdav = 0.85 T = 1.05
 <-- Site =    8-   9 .. Mmps =  250 Ndav =  13 E =  -1570.8015621252 Error = 6.27e-03 FLOPS = 6.05e+10 Tdav = 0.95 T = 1.12
 <-- Site =    7-   8 .. Mmps =  250 Ndav =   8 E =  -1570.7960823137 Error = 8.10e-04 FLOPS = 6.06e+10 Tdav = 0.58 T = 0.72
 <-- Site =    6-   7 .. Mmps =  250 Ndav =   5 E =  -1570.7955629035 Error = 2.23e-05 FLOPS = 6.07e+10 Tdav = 0.28 T = 0.40
 <-- Site =    5-   6 .. Mmps =  250 Ndav =   2 E =  -1570.7955654179 Error = 1.00e-06 FLOPS = 4.52e+10 Tdav = 0.09 T = 0.21
 <-- Site =    4-   5 .. Mmps =  250 Ndav =   2 E =  -1570.7955724215 Error = 1.39e-07 FLOPS = 3.00e+10 Tdav = 0.04 T = 0.12
 <-- Site =    3-   4 .. Mmps =  250 Ndav =   1 E =  -1570.7955722860 Error = 1.91e-09 FLOPS = 1.94e+10 Tdav = 0.01 T = 0.06
 <-- Site =    2-   3 .. Mmps =  250 Ndav =   1 E =  -1570.7955722860 Error = 9.31e-14 FLOPS = 1.00e+10 Tdav = 0.00 T = 0.04
 <-- Site =    1-   2 .. Mmps =   58 Ndav =   1 E =  -1570.7955722860 Error = 8.63e-15 FLOPS = 5.50e+09 Tdav = 0.00 T = 0.03
 <-- Site =    0-   1 .. Mmps =   10 Ndav =   1 E =  -1570.7955722860 Error = 1.69e-15 FLOPS = 3.44e+08 Tdav = 0.00 T = 0.01
Time elapsed =     76.237 | E =   -1570.8015621252 | DE = -2.33e-02 | DW = 6.27e-03
Time sweep =       11.489 | 416 GFLOP/SWP
 | Dmem = 43.7 MB (2%) | Imem = 206 KB (97%) | Hmem = 285 MB | Pmem = 5.62 MB
 | Tread = 0.230 | Twrite = 0.468 | Tfpread = 0.228 | Tfpwrite = 0.465 | Tmporead = 0.000 | Tasync = 0.000
 | data = 251 MB | cpsd = 190 MB
 | Trot = 0.261 | Tctr = 0.057 | Tint = 0.075 | Tmid = 0.105 | Tdctr = 0.099 | Tdiag = 0.056 | Tinfo = 0.023
 | Teff = 1.147 | Tprt = 0.980 | Teig = 7.925 | Tblk = 10.412 | Tmve = 1.075 | Tdm = 0.157 | Tsplt = 0.065 | Tsvd = 0.000 | Torth = 0.000

Sweep =    8 | Direction =  forward | Bond dimension =  250 | Noise =  1.00e-06 | Dav threshold =  1.00e-06
 --> Site =    0-   1 .. Mmps =    3 Ndav =   1 E =  -1570.7955722860 Error = 0.00e+00 FLOPS = 3.48e+08 Tdav = 0.00 T = 0.00
 --> Site =    1-   2 .. Mmps =   10 Ndav =   1 E =  -1570.7955722860 Error = 0.00e+00 FLOPS = 5.33e+09 Tdav = 0.00 T = 0.02
 --> Site =    2-   3 .. Mmps =   35 Ndav =   2 E =  -1570.7955734489 Error = 0.00e+00 FLOPS = 1.20e+10 Tdav = 0.01 T = 0.03
 --> Site =    3-   4 .. Mmps =  125 Ndav =   2 E =  -1570.7955751228 Error = 0.00e+00 FLOPS = 2.04e+10 Tdav = 0.01 T = 0.05
 --> Site =    4-   5 .. Mmps =  250 Ndav =   2 E =  -1570.7955764079 Error = 1.83e-08 FLOPS = 3.30e+10 Tdav = 0.04 T = 0.09
 --> Site =    5-   6 .. Mmps =  250 Ndav =   2 E =  -1570.7955786787 Error = 4.55e-07 FLOPS = 4.38e+10 Tdav = 0.09 T = 0.21
 --> Site =    6-   7 .. Mmps =  250 Ndav =   4 E =  -1570.7956170524 Error = 2.20e-05 FLOPS = 5.87e+10 Tdav = 0.22 T = 0.37
 --> Site =    7-   8 .. Mmps =  250 Ndav =  10 E =  -1570.7968183602 Error = 8.67e-04 FLOPS = 6.42e+10 Tdav = 0.66 T = 0.81
 --> Site =    8-   9 .. Mmps =  250 Ndav =  14 E =  -1570.8031190574 Error = 5.48e-03 FLOPS = 5.86e+10 Tdav = 1.03 T = 1.20
 --> Site =    9-  10 .. Mmps =  250 Ndav =   9 E =  -1570.8005506725 Error = 2.37e-03 FLOPS = 6.24e+10 Tdav = 0.84 T = 1.02
 --> Site =   10-  11 .. Mmps =  250 Ndav =  10 E =  -1570.8000170247 Error = 6.17e-05 FLOPS = 6.28e+10 Tdav = 1.18 T = 1.39
 --> Site =   11-  12 .. Mmps =  250 Ndav =  10 E =  -1570.8018559663 Error = 9.78e-05 FLOPS = 6.64e+10 Tdav = 1.33 T = 1.60
 --> Site =   12-  13 .. Mmps =  250 Ndav =   9 E =  -1570.8037084986 Error = 2.20e-04 FLOPS = 6.73e+10 Tdav = 1.35 T = 1.64
 --> Site =   13-  14 .. Mmps =  250 Ndav =   7 E =  -1570.8039559113 Error = 6.12e-05 FLOPS = 5.57e+10 Tdav = 1.39 T = 1.84
 --> Site =   14-  15 .. Mmps =  250 Ndav =   7 E =  -1570.8052067367 Error = 5.38e-04 FLOPS = 5.32e+10 Tdav = 1.31 T = 1.60
 --> Site =   15-  16 .. Mmps =  250 Ndav =   6 E =  -1570.8049792612 Error = 4.95e-05 FLOPS = 5.47e+10 Tdav = 0.95 T = 1.22
 --> Site =   16-  17 .. Mmps =  250 Ndav =  10 E =  -1570.8069259550 Error = 4.62e-04 FLOPS = 5.74e+10 Tdav = 1.27 T = 1.51
 --> Site =   17-  18 .. Mmps =  250 Ndav =  11 E =  -1570.8084594216 Error = 6.57e-04 FLOPS = 5.49e+10 Tdav = 1.25 T = 1.48
 --> Site =   18-  19 .. Mmps =  250 Ndav =   6 E =  -1570.8079269033 Error = 1.05e-04 FLOPS = 5.44e+10 Tdav = 0.53 T = 0.70
 --> Site =   19-  20 .. Mmps =  250 Ndav =   4 E =  -1570.8080637151 Error = 3.03e-05 FLOPS = 4.85e+10 Tdav = 0.27 T = 0.41
 --> Site =   20-  21 .. Mmps =  250 Ndav =   3 E =  -1570.8080919400 Error = 5.80e-07 FLOPS = 3.90e+10 Tdav = 0.19 T = 0.31
 --> Site =   21-  22 .. Mmps =  250 Ndav =   2 E =  -1570.8080953044 Error = 3.46e-07 FLOPS = 2.65e+10 Tdav = 0.06 T = 0.14
 --> Site =   22-  23 .. Mmps =  250 Ndav =   1 E =  -1570.8080944282 Error = 2.78e-10 FLOPS = 1.97e+10 Tdav = 0.01 T = 0.05
 --> Site =   23-  24 .. Mmps =  250 Ndav =   1 E =  -1570.8080944282 Error = 1.22e-13 FLOPS = 9.31e+09 Tdav = 0.00 T = 0.03
 --> Site =   24-  25 .. Mmps =   58 Ndav =   1 E =  -1570.8080944282 Error = 2.11e-15 FLOPS = 4.30e+09 Tdav = 0.00 T = 0.03
 --> Site =   25-  26 .. Mmps =   11 Ndav =   1 E =  -1570.8080944282 Error = 2.35e-16 FLOPS = 3.72e+08 Tdav = 0.00 T = 0.01
Time elapsed =     93.988 | E =   -1570.8084594216 | DE = -6.90e-03 | DW = 5.48e-03
Time sweep =       17.750 | 763 GFLOP/SWP
 | Dmem = 42.9 MB (2%) | Imem = 208 KB (97%) | Hmem = 285 MB | Pmem = 5.74 MB
 | Tread = 0.220 | Twrite = 0.495 | Tfpread = 0.218 | Tfpwrite = 0.492 | Tmporead = 0.000 | Tasync = 0.000
 | data = 252 MB | cpsd = 190 MB
 | Trot = 0.289 | Tctr = 0.061 | Tint = 0.079 | Tmid = 0.115 | Tdctr = 0.099 | Tdiag = 0.056 | Tinfo = 0.023
 | Teff = 1.152 | Tprt = 1.171 | Teig = 13.998 | Tblk = 16.634 | Tmve = 1.114 | Tdm = 0.148 | Tsplt = 0.062 | Tsvd = 0.000 | Torth = 0.000

Sweep =    9 | Direction = backward | Bond dimension =  250 | Noise =  1.00e-06 | Dav threshold =  1.00e-06
 <-- Site =   25-  26 .. Mmps =    3 Ndav =   1 E =  -1570.8080944282 Error = 0.00e+00 FLOPS = 3.88e+08 Tdav = 0.00 T = 0.00
 <-- Site =   24-  25 .. Mmps =   10 Ndav =   1 E =  -1570.8080944282 Error = 0.00e+00 FLOPS = 5.12e+09 Tdav = 0.00 T = 0.01
 <-- Site =   23-  24 .. Mmps =   35 Ndav =   1 E =  -1570.8080944282 Error = 0.00e+00 FLOPS = 9.45e+09 Tdav = 0.00 T = 0.02
 <-- Site =   22-  23 .. Mmps =  125 Ndav =   1 E =  -1570.8080944282 Error = 0.00e+00 FLOPS = 1.90e+10 Tdav = 0.01 T = 0.04
 <-- Site =   21-  22 .. Mmps =  250 Ndav =   2 E =  -1570.8080956234 Error = 2.51e-07 FLOPS = 2.64e+10 Tdav = 0.06 T = 0.11
 <-- Site =   20-  21 .. Mmps =  250 Ndav =   2 E =  -1570.8080963205 Error = 5.20e-07 FLOPS = 4.66e+10 Tdav = 0.11 T = 0.21
 <-- Site =   19-  20 .. Mmps =  250 Ndav =   3 E =  -1570.8081869909 Error = 3.16e-05 FLOPS = 5.05e+10 Tdav = 0.19 T = 0.34
 <-- Site =   18-  19 .. Mmps =  250 Ndav =   4 E =  -1570.8083504914 Error = 1.11e-04 FLOPS = 4.97e+10 Tdav = 0.38 T = 0.55
 <-- Site =   17-  18 .. Mmps =  250 Ndav =   8 E =  -1570.8093293309 Error = 6.69e-04 FLOPS = 6.02e+10 Tdav = 0.81 T = 0.99
 <-- Site =   16-  17 .. Mmps =  250 Ndav =   6 E =  -1570.8091660554 Error = 4.94e-04 FLOPS = 5.38e+10 Tdav = 0.81 T = 1.02
 <-- Site =   15-  16 .. Mmps =  250 Ndav =   5 E =  -1570.8086060684 Error = 6.04e-05 FLOPS = 5.48e+10 Tdav = 0.78 T = 1.00
 <-- Site =   14-  15 .. Mmps =  250 Ndav =   7 E =  -1570.8100076275 Error = 6.73e-04 FLOPS = 5.85e+10 Tdav = 1.20 T = 1.45
 <-- Site =   13-  14 .. Mmps =  250 Ndav =   5 E =  -1570.8092417175 Error = 6.05e-05 FLOPS = 5.66e+10 Tdav = 0.96 T = 1.24
 <-- Site =   12-  13 .. Mmps =  250 Ndav =   6 E =  -1570.8096017616 Error = 2.25e-04 FLOPS = 6.48e+10 Tdav = 0.92 T = 1.32
 <-- Site =   11-  12 .. Mmps =  250 Ndav =   6 E =  -1570.8096485097 Error = 1.06e-04 FLOPS = 6.37e+10 Tdav = 0.80 T = 1.05
 <-- Site =   10-  11 .. Mmps =  250 Ndav =   6 E =  -1570.8097028259 Error = 7.52e-05 FLOPS = 6.22e+10 Tdav = 0.72 T = 0.95
 <-- Site =    9-  10 .. Mmps =  250 Ndav =  12 E =  -1570.8165319075 Error = 2.25e-03 FLOPS = 6.52e+10 Tdav = 1.13 T = 1.32
 <-- Site =    8-   9 .. Mmps =  250 Ndav =  14 E =  -1570.8272226061 Error = 7.05e-03 FLOPS = 5.89e+10 Tdav = 1.04 T = 1.20
 <-- Site =    7-   8 .. Mmps =  250 Ndav =  15 E =  -1570.8211031877 Error = 8.23e-04 FLOPS = 5.98e+10 Tdav = 1.10 T = 1.26
 <-- Site =    6-   7 .. Mmps =  250 Ndav =  13 E =  -1570.8204657123 Error = 2.52e-05 FLOPS = 5.76e+10 Tdav = 0.77 T = 0.91
 <-- Site =    5-   6 .. Mmps =  250 Ndav =   4 E =  -1570.8204625024 Error = 9.61e-07 FLOPS = 4.57e+10 Tdav = 0.20 T = 0.31
 <-- Site =    4-   5 .. Mmps =  250 Ndav =   2 E =  -1570.8204626214 Error = 1.21e-07 FLOPS = 3.03e+10 Tdav = 0.04 T = 0.11
 <-- Site =    3-   4 .. Mmps =  250 Ndav =   1 E =  -1570.8204624675 Error = 3.21e-10 FLOPS = 2.09e+10 Tdav = 0.01 T = 0.06
 <-- Site =    2-   3 .. Mmps =  230 Ndav =   1 E =  -1570.8204624675 Error = 1.05e-13 FLOPS = 1.01e+10 Tdav = 0.00 T = 0.04
 <-- Site =    1-   2 .. Mmps =   57 Ndav =   1 E =  -1570.8204624675 Error = 2.69e-15 FLOPS = 4.75e+09 Tdav = 0.00 T = 0.03
 <-- Site =    0-   1 .. Mmps =    9 Ndav =   1 E =  -1570.8204624675 Error = 5.07e-15 FLOPS = 2.91e+08 Tdav = 0.00 T = 0.01
Time elapsed =    109.543 | E =   -1570.8272226061 | DE = -1.88e-02 | DW = 7.05e-03
Time sweep =       15.556 | 657 GFLOP/SWP
 | Dmem = 44.7 MB (2%) | Imem = 197 KB (97%) | Hmem = 288 MB | Pmem = 5.66 MB
 | Tread = 0.244 | Twrite = 0.452 | Tfpread = 0.242 | Tfpwrite = 0.449 | Tmporead = 0.000 | Tasync = 0.000
 | data = 253 MB | cpsd = 190 MB
 | Trot = 0.259 | Tctr = 0.056 | Tint = 0.075 | Tmid = 0.102 | Tdctr = 0.101 | Tdiag = 0.060 | Tinfo = 0.023
 | Teff = 1.161 | Tprt = 0.976 | Teig = 12.038 | Tblk = 14.515 | Tmve = 1.038 | Tdm = 0.162 | Tsplt = 0.062 | Tsvd = 0.000 | Torth = 0.000

Sweep =   10 | Direction =  forward | Bond dimension =  250 | Noise =  0.00e+00 | Dav threshold =  1.00e-07
 --> Site =    0-   1 .. Mmps =    3 Ndav =   1 E =  -1570.8204624675 Error = 0.00e+00 FLOPS = 3.20e+08 Tdav = 0.00 T = 0.00
 --> Site =    1-   2 .. Mmps =   10 Ndav =   1 E =  -1570.8204624675 Error = 0.00e+00 FLOPS = 5.09e+09 Tdav = 0.00 T = 0.01
 --> Site =    2-   3 .. Mmps =   35 Ndav =   2 E =  -1570.8204625713 Error = 0.00e+00 FLOPS = 1.18e+10 Tdav = 0.01 T = 0.03
 --> Site =    3-   4 .. Mmps =  125 Ndav =   2 E =  -1570.8204627372 Error = 0.00e+00 FLOPS = 2.25e+10 Tdav = 0.01 T = 0.04
 --> Site =    4-   5 .. Mmps =  250 Ndav =   2 E =  -1570.8204630048 Error = 2.95e-08 FLOPS = 3.22e+10 Tdav = 0.04 T = 0.08
 --> Site =    5-   6 .. Mmps =  250 Ndav =   3 E =  -1570.8204645856 Error = 7.70e-07 FLOPS = 4.64e+10 Tdav = 0.15 T = 0.22
 --> Site =    6-   7 .. Mmps =  250 Ndav =   6 E =  -1570.8205044203 Error = 2.56e-05 FLOPS = 5.83e+10 Tdav = 0.34 T = 0.43
 --> Site =    7-   8 .. Mmps =  250 Ndav =  12 E =  -1570.8216019233 Error = 8.20e-04 FLOPS = 6.35e+10 Tdav = 0.81 T = 0.92
 --> Site =    8-   9 .. Mmps =  250 Ndav =  16 E =  -1570.8294732882 Error = 6.65e-03 FLOPS = 5.89e+10 Tdav = 1.22 T = 1.34
 --> Site =    9-  10 .. Mmps =  250 Ndav =  12 E =  -1570.8244555083 Error = 1.81e-03 FLOPS = 6.63e+10 Tdav = 1.14 T = 1.28
 --> Site =   10-  11 .. Mmps =  250 Ndav =  13 E =  -1570.8235033787 Error = 5.69e-05 FLOPS = 6.36e+10 Tdav = 1.51 T = 1.67
 --> Site =   11-  12 .. Mmps =  250 Ndav =  12 E =  -1570.8248237913 Error = 7.95e-05 FLOPS = 6.44e+10 Tdav = 1.63 T = 1.81
 --> Site =   12-  13 .. Mmps =  250 Ndav =  13 E =  -1570.8265600752 Error = 2.38e-04 FLOPS = 6.68e+10 Tdav = 1.94 T = 2.13
 --> Site =   13-  14 .. Mmps =  250 Ndav =   9 E =  -1570.8265724960 Error = 7.99e-05 FLOPS = 5.71e+10 Tdav = 1.69 T = 1.97
 --> Site =   14-  15 .. Mmps =  250 Ndav =   9 E =  -1570.8279364023 Error = 7.55e-04 FLOPS = 5.71e+10 Tdav = 1.59 T = 1.73
 --> Site =   15-  16 .. Mmps =  250 Ndav =  10 E =  -1570.8271325091 Error = 5.94e-05 FLOPS = 5.85e+10 Tdav = 1.48 T = 1.60
 --> Site =   16-  17 .. Mmps =  250 Ndav =  20 E =  -1570.8285722822 Error = 4.98e-04 FLOPS = 5.30e+10 Tdav = 2.81 T = 2.93
 --> Site =   17-  18 .. Mmps =  250 Ndav =  26 E =  -1570.8298148264 Error = 7.04e-04 FLOPS = 4.82e+10 Tdav = 3.45 T = 3.59
 --> Site =   18-  19 .. Mmps =  250 Ndav =  12 E =  -1570.8291689382 Error = 1.19e-04 FLOPS = 4.49e+10 Tdav = 1.29 T = 1.41
 --> Site =   19-  20 .. Mmps =  250 Ndav =   7 E =  -1570.8291102183 Error = 3.09e-05 FLOPS = 4.78e+10 Tdav = 0.50 T = 0.58
 --> Site =   20-  21 .. Mmps =  250 Ndav =   6 E =  -1570.8291330343 Error = 5.94e-07 FLOPS = 4.65e+10 Tdav = 0.34 T = 0.41
 --> Site =   21-  22 .. Mmps =  250 Ndav =   3 E =  -1570.8291346453 Error = 3.94e-07 FLOPS = 3.59e+10 Tdav = 0.07 T = 0.12
 --> Site =   22-  23 .. Mmps =  125 Ndav =   1 E =  -1570.8291334579 Error = 9.36e-17 FLOPS = 1.91e+10 Tdav = 0.01 T = 0.05
 --> Site =   23-  24 .. Mmps =   35 Ndav =   1 E =  -1570.8291334579 Error = 1.22e-17 FLOPS = 6.13e+09 Tdav = 0.00 T = 0.02
 --> Site =   24-  25 .. Mmps =   10 Ndav =   1 E =  -1570.8291334579 Error = 1.13e-18 FLOPS = 4.47e+08 Tdav = 0.00 T = 0.00
 --> Site =   25-  26 .. Mmps =    3 Ndav =   1 E =  -1570.8291334579 Error = 1.18e-17 FLOPS = 1.45e+07 Tdav = 0.00 T = 0.00
Time elapsed =    133.896 | E =   -1570.8298148264 | DE = -2.59e-03 | DW = 6.65e-03
Time sweep =       24.353 | 1.13 TFLOP/SWP
 | Dmem = 42.9 MB (2%) | Imem = 185 KB (97%) | Hmem = 287 MB | Pmem = 0 B
 | Tread = 0.226 | Twrite = 0.449 | Tfpread = 0.224 | Tfpwrite = 0.446 | Tmporead = 0.000 | Tasync = 0.000
 | data = 247 MB | cpsd = 185 MB
 | Trot = 0.280 | Tctr = 0.057 | Tint = 0.060 | Tmid = 0.109 | Tdctr = 0.103 | Tdiag = 0.065 | Tinfo = 0.022
 | Teff = 1.135 | Tprt = 0.000 | Teig = 22.036 | Tblk = 23.318 | Tmve = 1.032 | Tdm = 0.012 | Tsplt = 0.056 | Tsvd = 0.000 | Torth = 0.000

Sweep =   11 | Direction = backward | Bond dimension =  250 | Noise =  0.00e+00 | Dav threshold =  1.00e-07
 <-- Site =   25-  26 .. Mmps =    3 Ndav =   1 E =  -1570.8291334579 Error = 0.00e+00 FLOPS = 1.73e+07 Tdav = 0.00 T = 0.00
 <-- Site =   24-  25 .. Mmps =   10 Ndav =   1 E =  -1570.8291334579 Error = 0.00e+00 FLOPS = 4.90e+08 Tdav = 0.00 T = 0.00
 <-- Site =   23-  24 .. Mmps =   35 Ndav =   1 E =  -1570.8291334579 Error = 0.00e+00 FLOPS = 5.75e+09 Tdav = 0.00 T = 0.01
 <-- Site =   22-  23 .. Mmps =  125 Ndav =   1 E =  -1570.8291334579 Error = 0.00e+00 FLOPS = 1.82e+10 Tdav = 0.01 T = 0.03
 <-- Site =   21-  22 .. Mmps =  250 Ndav =   2 E =  -1570.8291346301 Error = 3.66e-07 FLOPS = 3.10e+10 Tdav = 0.05 T = 0.09
 <-- Site =   20-  21 .. Mmps =  250 Ndav =   2 E =  -1570.8291350213 Error = 5.59e-07 FLOPS = 4.62e+10 Tdav = 0.11 T = 0.18
 <-- Site =   19-  20 .. Mmps =  250 Ndav =   4 E =  -1570.8292091327 Error = 3.05e-05 FLOPS = 5.09e+10 Tdav = 0.27 T = 0.35
 <-- Site =   18-  19 .. Mmps =  250 Ndav =   9 E =  -1570.8293861416 Error = 1.22e-04 FLOPS = 5.43e+10 Tdav = 0.80 T = 0.89
 <-- Site =   17-  18 .. Mmps =  250 Ndav =  15 E =  -1570.8304604489 Error = 7.50e-04 FLOPS = 5.60e+10 Tdav = 1.70 T = 1.83
 <-- Site =   16-  17 .. Mmps =  250 Ndav =  18 E =  -1570.8302388695 Error = 5.43e-04 FLOPS = 5.59e+10 Tdav = 2.35 T = 2.49
 <-- Site =   15-  16 .. Mmps =  250 Ndav =  12 E =  -1570.8296192285 Error = 6.46e-05 FLOPS = 5.73e+10 Tdav = 1.81 T = 1.97
 <-- Site =   14-  15 .. Mmps =  250 Ndav =  13 E =  -1570.8310542481 Error = 8.23e-04 FLOPS = 5.47e+10 Tdav = 2.37 T = 2.55
 <-- Site =   13-  14 .. Mmps =  250 Ndav =   8 E =  -1570.8300845623 Error = 6.49e-05 FLOPS = 5.50e+10 Tdav = 1.56 T = 1.77
 <-- Site =   12-  13 .. Mmps =  250 Ndav =  10 E =  -1570.8306150500 Error = 2.50e-04 FLOPS = 6.61e+10 Tdav = 1.52 T = 1.81
 <-- Site =   11-  12 .. Mmps =  250 Ndav =   8 E =  -1570.8304792291 Error = 6.91e-05 FLOPS = 6.30e+10 Tdav = 1.07 T = 1.21
 <-- Site =   10-  11 .. Mmps =  250 Ndav =   9 E =  -1570.8305479203 Error = 6.43e-05 FLOPS = 6.52e+10 Tdav = 0.98 T = 1.11
 <-- Site =    9-  10 .. Mmps =  250 Ndav =  12 E =  -1570.8344325661 Error = 1.64e-03 FLOPS = 6.10e+10 Tdav = 1.22 T = 1.34
 <-- Site =    8-   9 .. Mmps =  250 Ndav =  16 E =  -1570.8429008879 Error = 6.69e-03 FLOPS = 6.15e+10 Tdav = 1.23 T = 1.33
 <-- Site =    7-   8 .. Mmps =  250 Ndav =  18 E =  -1570.8365073942 Error = 6.62e-04 FLOPS = 6.06e+10 Tdav = 1.30 T = 1.38
 <-- Site =    6-   7 .. Mmps =  250 Ndav =  15 E =  -1570.8360548612 Error = 1.95e-05 FLOPS = 5.45e+10 Tdav = 0.92 T = 0.99
 <-- Site =    5-   6 .. Mmps =  250 Ndav =   6 E =  -1570.8360695335 Error = 7.93e-07 FLOPS = 5.98e+10 Tdav = 0.23 T = 0.30
 <-- Site =    4-   5 .. Mmps =  250 Ndav =   3 E =  -1570.8360692335 Error = 4.49e-08 FLOPS = 3.37e+10 Tdav = 0.06 T = 0.11
 <-- Site =    3-   4 .. Mmps =  125 Ndav =   1 E =  -1570.8360691500 Error = 8.12e-17 FLOPS = 2.39e+10 Tdav = 0.01 T = 0.05
 <-- Site =    2-   3 .. Mmps =   35 Ndav =   1 E =  -1570.8360691500 Error = 1.99e-16 FLOPS = 6.86e+09 Tdav = 0.00 T = 0.01
 <-- Site =    1-   2 .. Mmps =   10 Ndav =   1 E =  -1570.8360691500 Error = 2.19e-16 FLOPS = 4.44e+08 Tdav = 0.00 T = 0.00
 <-- Site =    0-   1 .. Mmps =    3 Ndav =   1 E =  -1570.8360691500 Error = 1.44e-18 FLOPS = 1.60e+07 Tdav = 0.00 T = 0.00
Time elapsed =    155.728 | E =   -1570.8429008879 | DE = -1.31e-02 | DW = 6.69e-03
Time sweep =       21.832 | 1.03 TFLOP/SWP
 | Dmem = 45.3 MB (2%) | Imem = 177 KB (97%) | Hmem = 290 MB | Pmem = 0 B
 | Tread = 0.224 | Twrite = 0.447 | Tfpread = 0.222 | Tfpwrite = 0.444 | Tmporead = 0.000 | Tasync = 0.000
 | data = 248 MB | cpsd = 188 MB
 | Trot = 0.249 | Tctr = 0.058 | Tint = 0.066 | Tmid = 0.104 | Tdctr = 0.100 | Tdiag = 0.058 | Tinfo = 0.021
 | Teff = 1.089 | Tprt = 0.000 | Teig = 19.587 | Tblk = 20.830 | Tmve = 0.999 | Tdm = 0.013 | Tsplt = 0.056 | Tsvd = 0.000 | Torth = 0.000

Sweep =   12 | Direction =  forward | Bond dimension =  250 | Noise =  0.00e+00 | Dav threshold =  1.00e-07
 --> Site =    0-   1 .. Mmps =    3 Ndav =   1 E =  -1570.8360691500 Error = 0.00e+00 FLOPS = 1.67e+07 Tdav = 0.00 T = 0.00
 --> Site =    1-   2 .. Mmps =   10 Ndav =   1 E =  -1570.8360691500 Error = 0.00e+00 FLOPS = 4.84e+08 Tdav = 0.00 T = 0.00
 --> Site =    2-   3 .. Mmps =   35 Ndav =   1 E =  -1570.8360691500 Error = 0.00e+00 FLOPS = 6.75e+09 Tdav = 0.00 T = 0.01
 --> Site =    3-   4 .. Mmps =  125 Ndav =   1 E =  -1570.8360691500 Error = 0.00e+00 FLOPS = 2.48e+10 Tdav = 0.01 T = 0.03
 --> Site =    4-   5 .. Mmps =  250 Ndav =   2 E =  -1570.8360692455 Error = 3.11e-08 FLOPS = 3.60e+10 Tdav = 0.04 T = 0.08
 --> Site =    5-   6 .. Mmps =  250 Ndav =   3 E =  -1570.8360705952 Error = 7.70e-07 FLOPS = 4.83e+10 Tdav = 0.15 T = 0.23
 --> Site =    6-   7 .. Mmps =  250 Ndav =   5 E =  -1570.8361009632 Error = 1.97e-05 FLOPS = 5.89e+10 Tdav = 0.28 T = 0.37
 --> Site =    7-   8 .. Mmps =  250 Ndav =  10 E =  -1570.8369809711 Error = 6.42e-04 FLOPS = 6.58e+10 Tdav = 0.66 T = 0.77
 --> Site =    8-   9 .. Mmps =  250 Ndav =  14 E =  -1570.8460627220 Error = 7.35e-03 FLOPS = 6.20e+10 Tdav = 1.09 T = 1.20
 --> Site =    9-  10 .. Mmps =  250 Ndav =  12 E =  -1570.8394876803 Error = 1.60e-03 FLOPS = 6.16e+10 Tdav = 1.21 T = 1.35
 --> Site =   10-  11 .. Mmps =  250 Ndav =  14 E =  -1570.8380808665 Error = 5.35e-05 FLOPS = 6.29e+10 Tdav = 1.62 T = 1.77
 --> Site =   11-  12 .. Mmps =  250 Ndav =  14 E =  -1570.8389707951 Error = 5.88e-05 FLOPS = 6.63e+10 Tdav = 1.77 T = 1.95
 --> Site =   12-  13 .. Mmps =  250 Ndav =  14 E =  -1570.8400220060 Error = 2.46e-04 FLOPS = 6.92e+10 Tdav = 2.04 T = 2.23
 --> Site =   13-  14 .. Mmps =  250 Ndav =  16 E =  -1570.8411820055 Error = 8.49e-05 FLOPS = 5.55e+10 Tdav = 3.01 T = 3.29
 --> Site =   14-  15 .. Mmps =  250 Ndav =  18 E =  -1570.8478398111 Error = 6.26e-04 FLOPS = 5.67e+10 Tdav = 3.20 T = 3.35
 --> Site =   15-  16 .. Mmps =  250 Ndav =  20 E =  -1570.8578088030 Error = 3.77e-05 FLOPS = 5.77e+10 Tdav = 3.13 T = 3.26
 --> Site =   16-  17 .. Mmps =  250 Ndav =  21 E =  -1570.8901610590 Error = 1.66e-04 FLOPS = 5.92e+10 Tdav = 2.63 T = 2.75
 --> Site =   17-  18 .. Mmps =  250 Ndav =  18 E =  -1570.9076165101 Error = 1.61e-04 FLOPS = 5.38e+10 Tdav = 2.06 T = 2.16
 --> Site =   18-  19 .. Mmps =  250 Ndav =  13 E =  -1570.9127000177 Error = 7.85e-05 FLOPS = 5.30e+10 Tdav = 1.31 T = 1.40
 --> Site =   19-  20 .. Mmps =  250 Ndav =   5 E =  -1570.9129815591 Error = 9.45e-06 FLOPS = 4.72e+10 Tdav = 0.42 T = 0.49
 --> Site =   20-  21 .. Mmps =  250 Ndav =   5 E =  -1570.9133069847 Error = 1.70e-07 FLOPS = 4.83e+10 Tdav = 0.30 T = 0.38
 --> Site =   21-  22 .. Mmps =  250 Ndav =   3 E =  -1570.9133149919 Error = 1.13e-07 FLOPS = 4.06e+10 Tdav = 0.07 T = 0.11
 --> Site =   22-  23 .. Mmps =  125 Ndav =   1 E =  -1570.9133146480 Error = 2.42e-16 FLOPS = 1.82e+10 Tdav = 0.01 T = 0.04
 --> Site =   23-  24 .. Mmps =   35 Ndav =   1 E =  -1570.9133146480 Error = 1.16e-17 FLOPS = 6.06e+09 Tdav = 0.00 T = 0.01
 --> Site =   24-  25 .. Mmps =   10 Ndav =   1 E =  -1570.9133146480 Error = 9.48e-18 FLOPS = 4.38e+08 Tdav = 0.00 T = 0.00
 --> Site =   25-  26 .. Mmps =    3 Ndav =   1 E =  -1570.9133146480 Error = 1.37e-17 FLOPS = 1.59e+07 Tdav = 0.00 T = 0.00
Time elapsed =    182.976 | E =   -1570.9133149919 | DE = -7.04e-02 | DW = 7.35e-03
Time sweep =       27.248 | 1.34 TFLOP/SWP
 | Dmem = 41.9 MB (2%) | Imem = 178 KB (97%) | Hmem = 290 MB | Pmem = 0 B
 | Tread = 0.220 | Twrite = 0.436 | Tfpread = 0.218 | Tfpwrite = 0.433 | Tmporead = 0.000 | Tasync = 0.000
 | data = 247 MB | cpsd = 187 MB
 | Trot = 0.260 | Tctr = 0.057 | Tint = 0.060 | Tmid = 0.112 | Tdctr = 0.093 | Tdiag = 0.055 | Tinfo = 0.022
 | Teff = 1.088 | Tprt = 0.000 | Teig = 25.003 | Tblk = 26.242 | Tmve = 1.003 | Tdm = 0.012 | Tsplt = 0.057 | Tsvd = 0.000 | Torth = 0.000

Sweep =   13 | Direction = backward | Bond dimension =  250 | Noise =  0.00e+00 | Dav threshold =  1.00e-07
 <-- Site =   25-  26 .. Mmps =    3 Ndav =   1 E =  -1570.9133146480 Error = 0.00e+00 FLOPS = 1.62e+07 Tdav = 0.00 T = 0.00
 <-- Site =   24-  25 .. Mmps =   10 Ndav =   1 E =  -1570.9133146480 Error = 0.00e+00 FLOPS = 4.53e+08 Tdav = 0.00 T = 0.00
 <-- Site =   23-  24 .. Mmps =   35 Ndav =   1 E =  -1570.9133146480 Error = 0.00e+00 FLOPS = 5.60e+09 Tdav = 0.00 T = 0.01
 <-- Site =   22-  23 .. Mmps =  125 Ndav =   1 E =  -1570.9133146480 Error = 0.00e+00 FLOPS = 1.83e+10 Tdav = 0.01 T = 0.03
 <-- Site =   21-  22 .. Mmps =  250 Ndav =   2 E =  -1570.9133150008 Error = 1.04e-07 FLOPS = 3.08e+10 Tdav = 0.06 T = 0.10
 <-- Site =   20-  21 .. Mmps =  250 Ndav =   2 E =  -1570.9133151253 Error = 1.57e-07 FLOPS = 4.63e+10 Tdav = 0.12 T = 0.20
 <-- Site =   19-  20 .. Mmps =  250 Ndav =   4 E =  -1570.9133886810 Error = 1.32e-05 FLOPS = 5.32e+10 Tdav = 0.29 T = 0.38
 <-- Site =   18-  19 .. Mmps =  250 Ndav =   6 E =  -1570.9135709994 Error = 9.67e-05 FLOPS = 5.28e+10 Tdav = 0.60 T = 0.71
 <-- Site =   17-  18 .. Mmps =  250 Ndav =   9 E =  -1570.9139042224 Error = 2.29e-04 FLOPS = 5.66e+10 Tdav = 1.00 T = 1.11
 <-- Site =   16-  17 .. Mmps =  250 Ndav =  11 E =  -1570.9141451940 Error = 1.92e-04 FLOPS = 5.56e+10 Tdav = 1.42 T = 1.56
 <-- Site =   15-  16 .. Mmps =  250 Ndav =   9 E =  -1570.9143951846 Error = 1.67e-05 FLOPS = 5.42e+10 Tdav = 1.31 T = 1.48
 <-- Site =   14-  15 .. Mmps =  250 Ndav =  13 E =  -1570.9190078560 Error = 1.51e-04 FLOPS = 5.64e+10 Tdav = 2.21 T = 2.39
 <-- Site =   13-  14 .. Mmps =  250 Ndav =  10 E =  -1570.9209098943 Error = 1.52e-05 FLOPS = 5.73e+10 Tdav = 1.79 T = 2.01
 <-- Site =   12-  13 .. Mmps =  250 Ndav =  11 E =  -1570.9269674488 Error = 5.83e-05 FLOPS = 6.84e+10 Tdav = 1.59 T = 1.88
 <-- Site =   11-  12 .. Mmps =  250 Ndav =   9 E =  -1570.9273550685 Error = 9.31e-06 FLOPS = 6.74e+10 Tdav = 1.10 T = 1.25
 <-- Site =   10-  11 .. Mmps =  250 Ndav =  10 E =  -1570.9277713322 Error = 1.54e-05 FLOPS = 6.58e+10 Tdav = 1.13 T = 1.26
 <-- Site =    9-  10 .. Mmps =  250 Ndav =  13 E =  -1570.9334171523 Error = 4.37e-04 FLOPS = 6.30e+10 Tdav = 1.34 T = 1.46
 <-- Site =    8-   9 .. Mmps =  250 Ndav =  16 E =  -1570.9632896246 Error = 1.51e-03 FLOPS = 6.31e+10 Tdav = 1.25 T = 1.34
 <-- Site =    7-   8 .. Mmps =  250 Ndav =  13 E =  -1570.9966672997 Error = 1.95e-04 FLOPS = 6.02e+10 Tdav = 0.92 T = 1.00
 <-- Site =    6-   7 .. Mmps =  250 Ndav =  12 E =  -1571.0058792126 Error = 7.67e-06 FLOPS = 5.78e+10 Tdav = 0.69 T = 0.77
 <-- Site =    5-   6 .. Mmps =  250 Ndav =   7 E =  -1571.0061481982 Error = 4.19e-07 FLOPS = 4.83e+10 Tdav = 0.34 T = 0.41
 <-- Site =    4-   5 .. Mmps =  250 Ndav =   4 E =  -1571.0061642824 Error = 2.19e-08 FLOPS = 4.11e+10 Tdav = 0.07 T = 0.12
 <-- Site =    3-   4 .. Mmps =  125 Ndav =   1 E =  -1571.0061642441 Error = 1.43e-16 FLOPS = 2.58e+10 Tdav = 0.01 T = 0.04
 <-- Site =    2-   3 .. Mmps =   35 Ndav =   1 E =  -1571.0061642441 Error = 2.36e-16 FLOPS = 6.87e+09 Tdav = 0.00 T = 0.02
 <-- Site =    1-   2 .. Mmps =   10 Ndav =   1 E =  -1571.0061642441 Error = 1.65e-16 FLOPS = 4.47e+08 Tdav = 0.00 T = 0.00
 <-- Site =    0-   1 .. Mmps =    3 Ndav =   1 E =  -1571.0061642441 Error = 1.17e-16 FLOPS = 1.68e+07 Tdav = 0.00 T = 0.00
Time elapsed =    202.520 | E =   -1571.0061642824 | DE = -9.28e-02 | DW = 1.51e-03
Time sweep =       19.544 | 954 GFLOP/SWP
 | Dmem = 47.1 MB (2%) | Imem = 183 KB (97%) | Hmem = 297 MB | Pmem = 0 B
 | Tread = 0.252 | Twrite = 0.437 | Tfpread = 0.250 | Tfpwrite = 0.434 | Tmporead = 0.000 | Tasync = 0.000
 | data = 251 MB | cpsd = 190 MB
 | Trot = 0.262 | Tctr = 0.056 | Tint = 0.067 | Tmid = 0.104 | Tdctr = 0.117 | Tdiag = 0.053 | Tinfo = 0.021
 | Teff = 1.099 | Tprt = 0.000 | Teig = 17.267 | Tblk = 18.538 | Tmve = 1.004 | Tdm = 0.013 | Tsplt = 0.057 | Tsvd = 0.000 | Torth = 0.000


Sweep =    0 | Direction =  forward | Bond dimension =  250 | Noise =  0.00e+00 | Dav threshold =  1.00e-07
 --> Site =    0 .. Mmps =    3 Ndav =   1 E =  -1571.0061642441 Error = 0.00e+00 FLOPS = 5.88e+05 Tdav = 0.00 T = 0.00
 --> Site =    1 .. Mmps =   10 Ndav =   1 E =  -1571.0061642441 Error = 0.00e+00 FLOPS = 9.93e+06 Tdav = 0.00 T = 0.00
 --> Site =    2 .. Mmps =   35 Ndav =   1 E =  -1571.0061642441 Error = 0.00e+00 FLOPS = 2.01e+08 Tdav = 0.00 T = 0.00
 --> Site =    3 .. Mmps =  125 Ndav =   1 E =  -1571.0061642441 Error = 0.00e+00 FLOPS = 3.16e+09 Tdav = 0.00 T = 0.01
 --> Site =    4 .. Mmps =  250 Ndav =   1 E =  -1571.0061642441 Error = 1.74e-18 FLOPS = 1.53e+10 Tdav = 0.01 T = 0.04
 --> Site =    5 .. Mmps =  250 Ndav =   1 E =  -1571.0061642441 Error = 2.80e-17 FLOPS = 2.38e+10 Tdav = 0.02 T = 0.08
 --> Site =    6 .. Mmps =  250 Ndav =   2 E =  -1571.0061644275 Error = 1.40e-17 FLOPS = 2.15e+10 Tdav = 0.05 T = 0.12
 --> Site =    7 .. Mmps =  250 Ndav =   3 E =  -1571.0061663183 Error = 3.98e-17 FLOPS = 2.26e+10 Tdav = 0.07 T = 0.16
 --> Site =    8 .. Mmps =  250 Ndav =   7 E =  -1571.0062994853 Error = 1.12e-16 FLOPS = 2.63e+10 Tdav = 0.16 T = 0.27
 --> Site =    9 .. Mmps =  250 Ndav =   8 E =  -1571.0080408838 Error = 1.21e-16 FLOPS = 3.19e+10 Tdav = 0.18 T = 0.33
 --> Site =   10 .. Mmps =  250 Ndav =  11 E =  -1571.0115624322 Error = 8.14e-17 FLOPS = 3.42e+10 Tdav = 0.32 T = 0.44
 --> Site =   11 .. Mmps =  250 Ndav =  11 E =  -1571.0149118604 Error = 1.96e-17 FLOPS = 4.02e+10 Tdav = 0.33 T = 0.47
 --> Site =   12 .. Mmps =  250 Ndav =   8 E =  -1571.0165834506 Error = 4.49e-17 FLOPS = 3.71e+10 Tdav = 0.30 T = 0.46
 --> Site =   13 .. Mmps =  250 Ndav =   8 E =  -1571.0170099311 Error = 2.57e-16 FLOPS = 5.66e+10 Tdav = 0.40 T = 0.69
 --> Site =   14 .. Mmps =  250 Ndav =   7 E =  -1571.0173635232 Error = 3.28e-17 FLOPS = 3.81e+10 Tdav = 0.31 T = 0.51
 --> Site =   15 .. Mmps =  250 Ndav =   8 E =  -1571.0178875559 Error = 1.56e-16 FLOPS = 4.11e+10 Tdav = 0.27 T = 0.42
 --> Site =   16 .. Mmps =  250 Ndav =   8 E =  -1571.0181829442 Error = 5.80e-18 FLOPS = 3.93e+10 Tdav = 0.23 T = 0.35
 --> Site =   17 .. Mmps =  250 Ndav =  11 E =  -1571.0189070108 Error = 5.01e-17 FLOPS = 4.02e+10 Tdav = 0.28 T = 0.39
 --> Site =   18 .. Mmps =  250 Ndav =  11 E =  -1571.0194369191 Error = 5.69e-17 FLOPS = 3.87e+10 Tdav = 0.25 T = 0.35
 --> Site =   19 .. Mmps =  250 Ndav =   7 E =  -1571.0195810520 Error = 5.04e-17 FLOPS = 3.77e+10 Tdav = 0.14 T = 0.22
 --> Site =   20 .. Mmps =  250 Ndav =   3 E =  -1571.0196039978 Error = 3.02e-18 FLOPS = 3.72e+10 Tdav = 0.05 T = 0.12
 --> Site =   21 .. Mmps =  250 Ndav =   4 E =  -1571.0196328665 Error = 1.74e-17 FLOPS = 3.23e+10 Tdav = 0.06 T = 0.12
 --> Site =   22 .. Mmps =  124 Ndav =   3 E =  -1571.0196348948 Error = 5.31e-15 FLOPS = 1.93e+10 Tdav = 0.02 T = 0.08
 --> Site =   23 .. Mmps =   35 Ndav =   1 E =  -1571.0196348948 Error = 3.39e-16 FLOPS = 4.11e+09 Tdav = 0.00 T = 0.03
 --> Site =   24 .. Mmps =   10 Ndav =   1 E =  -1571.0196348948 Error = 3.00e-18 FLOPS = 2.20e+08 Tdav = 0.00 T = 0.01
 --> Site =   25 .. Mmps =    3 Ndav =   1 E =  -1571.0196348948 Error = 2.35e-17 FLOPS = 9.51e+06 Tdav = 0.00 T = 0.01
 --> Site =   26 .. Mmps =    1 Ndav =   1 E =  -1571.0196348948 Error = 1.04e-17 FLOPS = 5.64e+05 Tdav = 0.00 T = 0.01
Time elapsed =      5.684 | E =   -1571.0196348948 | DW = 5.31e-15
Time sweep =        5.684 | 124 GFLOP/SWP
 | Dmem = 43.7 MB (0%) | Imem = 111 KB (96%) | Hmem = 316 MB | Pmem = 0 B
 | Tread = 0.285 | Twrite = 0.463 | Tfpread = 0.283 | Tfpwrite = 0.460 | Tmporead = 0.000 | Tasync = 0.000
 | data = 268 MB | cpsd = 202 MB
 | Trot = 0.272 | Tctr = 0.233 | Tint = 0.066 | Tmid = 0.097 | Tdctr = 0.074 | Tdiag = 0.047 | Tinfo = 0.034
 | Teff = 0.777 | Tprt = 0.000 | Teig = 3.443 | Tblk = 4.358 | Tmve = 1.321 | Tdm = 0.005 | Tsplt = 0.053 | Tsvd = 0.000 | Torth = 0.000

Sweep =    1 | Direction = backward | Bond dimension =  250 | Noise =  0.00e+00 | Dav threshold =  1.00e-07
 <-- Site =   26 .. Mmps =    3 Ndav =   1 E =  -1571.0196348948 Error = 0.00e+00 FLOPS = 6.05e+05 Tdav = 0.00 T = 0.01
 <-- Site =   25 .. Mmps =   10 Ndav =   1 E =  -1571.0196348948 Error = 0.00e+00 FLOPS = 1.01e+07 Tdav = 0.00 T = 0.01
 <-- Site =   24 .. Mmps =   35 Ndav =   1 E =  -1571.0196348948 Error = 0.00e+00 FLOPS = 2.14e+08 Tdav = 0.00 T = 0.02
 <-- Site =   23 .. Mmps =  124 Ndav =   1 E =  -1571.0196348948 Error = 5.38e-30 FLOPS = 3.54e+09 Tdav = 0.00 T = 0.02
 <-- Site =   22 .. Mmps =  250 Ndav =   1 E =  -1571.0196348948 Error = 4.53e-20 FLOPS = 1.42e+10 Tdav = 0.01 T = 0.06
 <-- Site =   21 .. Mmps =  250 Ndav =   2 E =  -1571.0196349383 Error = 8.08e-19 FLOPS = 2.50e+10 Tdav = 0.04 T = 0.17
 <-- Site =   20 .. Mmps =  250 Ndav =   2 E =  -1571.0196350177 Error = 1.03e-16 FLOPS = 2.84e+10 Tdav = 0.04 T = 0.27
 <-- Site =   19 .. Mmps =  250 Ndav =   3 E =  -1571.0196380392 Error = 9.21e-17 FLOPS = 2.94e+10 Tdav = 0.08 T = 0.17
 <-- Site =   18 .. Mmps =  250 Ndav =   4 E =  -1571.0196547856 Error = 2.17e-17 FLOPS = 3.47e+10 Tdav = 0.10 T = 0.20
 <-- Site =   17 .. Mmps =  250 Ndav =   8 E =  -1571.0197703176 Error = 2.35e-17 FLOPS = 4.12e+10 Tdav = 0.20 T = 0.31
 <-- Site =   16 .. Mmps =  250 Ndav =   6 E =  -1571.0199344238 Error = 1.02e-16 FLOPS = 3.66e+10 Tdav = 0.18 T = 0.31
 <-- Site =   15 .. Mmps =  250 Ndav =   4 E =  -1571.0199591875 Error = 4.85e-17 FLOPS = 3.40e+10 Tdav = 0.16 T = 0.31
 <-- Site =   14 .. Mmps =  250 Ndav =   6 E =  -1571.0201272256 Error = 7.94e-17 FLOPS = 4.15e+10 Tdav = 0.24 T = 0.41
 <-- Site =   13 .. Mmps =  250 Ndav =   4 E =  -1571.0201823605 Error = 8.05e-17 FLOPS = 5.47e+10 Tdav = 0.21 T = 0.55
 <-- Site =   12 .. Mmps =  250 Ndav =   5 E =  -1571.0202652888 Error = 8.72e-17 FLOPS = 3.66e+10 Tdav = 0.19 T = 0.31
 <-- Site =   11 .. Mmps =  250 Ndav =   6 E =  -1571.0203561117 Error = 1.95e-16 FLOPS = 3.75e+10 Tdav = 0.20 T = 0.34
 <-- Site =   10 .. Mmps =  250 Ndav =   7 E =  -1571.0207154656 Error = 6.38e-17 FLOPS = 3.35e+10 Tdav = 0.21 T = 0.34
 <-- Site =    9 .. Mmps =  250 Ndav =   8 E =  -1571.0213931458 Error = 4.19e-17 FLOPS = 3.24e+10 Tdav = 0.18 T = 0.29
 <-- Site =    8 .. Mmps =  250 Ndav =   8 E =  -1571.0225077600 Error = 1.09e-16 FLOPS = 2.70e+10 Tdav = 0.18 T = 0.27
 <-- Site =    7 .. Mmps =  250 Ndav =   8 E =  -1571.0228858563 Error = 1.02e-16 FLOPS = 2.92e+10 Tdav = 0.14 T = 0.22
 <-- Site =    6 .. Mmps =  250 Ndav =   6 E =  -1571.0229511503 Error = 1.72e-16 FLOPS = 3.26e+10 Tdav = 0.09 T = 0.16
 <-- Site =    5 .. Mmps =  250 Ndav =   4 E =  -1571.0229561491 Error = 8.17e-17 FLOPS = 2.97e+10 Tdav = 0.06 T = 0.12
 <-- Site =    4 .. Mmps =  125 Ndav =   2 E =  -1571.0229566875 Error = 8.67e-17 FLOPS = 2.02e+10 Tdav = 0.01 T = 0.07
 <-- Site =    3 .. Mmps =   35 Ndav =   1 E =  -1571.0229566875 Error = 2.24e-16 FLOPS = 4.12e+09 Tdav = 0.00 T = 0.04
 <-- Site =    2 .. Mmps =   10 Ndav =   1 E =  -1571.0229566875 Error = 1.78e-16 FLOPS = 2.24e+08 Tdav = 0.00 T = 0.01
 <-- Site =    1 .. Mmps =    3 Ndav =   1 E =  -1571.0229566875 Error = 2.65e-17 FLOPS = 9.83e+06 Tdav = 0.00 T = 0.00
 <-- Site =    0 .. Mmps =    1 Ndav =   1 E =  -1571.0229566875 Error = 1.07e-22 FLOPS = 5.37e+05 Tdav = 0.00 T = 0.00
Time elapsed =     10.642 | E =   -1571.0229566875 | DE = -3.32e-03 | DW = 2.24e-16
Time sweep =        4.959 | 84.6 GFLOP/SWP
 | Dmem = 46.1 MB (0%) | Imem = 111 KB (96%) | Hmem = 316 MB | Pmem = 0 B
 | Tread = 0.296 | Twrite = 0.482 | Tfpread = 0.294 | Tfpwrite = 0.479 | Tmporead = 0.000 | Tasync = 0.000
 | data = 271 MB | cpsd = 204 MB
 | Trot = 0.258 | Tctr = 0.216 | Tint = 0.068 | Tmid = 0.100 | Tdctr = 0.102 | Tdiag = 0.037 | Tinfo = 0.033
 | Teff = 0.806 | Tprt = 0.000 | Teig = 2.522 | Tblk = 3.688 | Tmve = 1.268 | Tdm = 0.005 | Tsplt = 0.051 | Tsvd = 0.000 | Torth = 0.000

Sweep =    2 | Direction =  forward | Bond dimension =  250 | Noise =  0.00e+00 | Dav threshold =  1.00e-07
 --> Site =    0 .. Mmps =    3 Ndav =   1 E =  -1571.0229566875 Error = 0.00e+00 FLOPS = 6.03e+05 Tdav = 0.00 T = 0.00
 --> Site =    1 .. Mmps =   10 Ndav =   1 E =  -1571.0229566875 Error = 0.00e+00 FLOPS = 9.61e+06 Tdav = 0.00 T = 0.00
 --> Site =    2 .. Mmps =   35 Ndav =   1 E =  -1571.0229566875 Error = 0.00e+00 FLOPS = 2.17e+08 Tdav = 0.00 T = 0.00
 --> Site =    3 .. Mmps =  125 Ndav =   1 E =  -1571.0229566875 Error = 0.00e+00 FLOPS = 3.66e+09 Tdav = 0.00 T = 0.01
 --> Site =    4 .. Mmps =  250 Ndav =   1 E =  -1571.0229566875 Error = 2.00e-18 FLOPS = 1.43e+10 Tdav = 0.01 T = 0.04
 --> Site =    5 .. Mmps =  250 Ndav =   1 E =  -1571.0229566875 Error = 1.37e-17 FLOPS = 2.19e+10 Tdav = 0.02 T = 0.12
 --> Site =    6 .. Mmps =  250 Ndav =   2 E =  -1571.0229568160 Error = 9.48e-18 FLOPS = 2.08e+10 Tdav = 0.05 T = 0.19
 --> Site =    7 .. Mmps =  250 Ndav =   3 E =  -1571.0229584766 Error = 4.20e-17 FLOPS = 2.29e+10 Tdav = 0.07 T = 0.29
 --> Site =    8 .. Mmps =  250 Ndav =   5 E =  -1571.0229995067 Error = 9.09e-17 FLOPS = 2.26e+10 Tdav = 0.13 T = 0.22
 --> Site =    9 .. Mmps =  250 Ndav =   7 E =  -1571.0235469929 Error = 1.50e-16 FLOPS = 3.15e+10 Tdav = 0.16 T = 0.27
 --> Site =   10 .. Mmps =  250 Ndav =   6 E =  -1571.0239699960 Error = 5.61e-17 FLOPS = 3.42e+10 Tdav = 0.18 T = 0.29
 --> Site =   11 .. Mmps =  250 Ndav =   6 E =  -1571.0240988067 Error = 2.69e-17 FLOPS = 3.71e+10 Tdav = 0.20 T = 0.34
 --> Site =   12 .. Mmps =  250 Ndav =   6 E =  -1571.0241730851 Error = 2.63e-17 FLOPS = 3.51e+10 Tdav = 0.23 T = 0.40
 --> Site =   13 .. Mmps =  250 Ndav =   5 E =  -1571.0242336273 Error = 2.27e-16 FLOPS = 5.48e+10 Tdav = 0.26 T = 0.57
 --> Site =   14 .. Mmps =  250 Ndav =   4 E =  -1571.0242782303 Error = 2.27e-17 FLOPS = 4.01e+10 Tdav = 0.17 T = 0.38
 --> Site =   15 .. Mmps =  250 Ndav =   4 E =  -1571.0243569499 Error = 1.10e-16 FLOPS = 3.68e+10 Tdav = 0.15 T = 0.30
 --> Site =   16 .. Mmps =  250 Ndav =   4 E =  -1571.0243742756 Error = 4.39e-18 FLOPS = 3.37e+10 Tdav = 0.13 T = 0.26
 --> Site =   17 .. Mmps =  250 Ndav =   8 E =  -1571.0244621505 Error = 1.11e-16 FLOPS = 3.90e+10 Tdav = 0.21 T = 0.32
 --> Site =   18 .. Mmps =  250 Ndav =   8 E =  -1571.0245895104 Error = 2.56e-17 FLOPS = 4.00e+10 Tdav = 0.18 T = 0.27
 --> Site =   19 .. Mmps =  250 Ndav =   4 E =  -1571.0246099156 Error = 4.00e-17 FLOPS = 4.30e+10 Tdav = 0.07 T = 0.15
 --> Site =   20 .. Mmps =  250 Ndav =   2 E =  -1571.0246116422 Error = 4.70e-18 FLOPS = 3.10e+10 Tdav = 0.04 T = 0.11
 --> Site =   21 .. Mmps =  250 Ndav =   3 E =  -1571.0246148632 Error = 6.10e-17 FLOPS = 2.91e+10 Tdav = 0.05 T = 0.11
 --> Site =   22 .. Mmps =  124 Ndav =   2 E =  -1571.0246150644 Error = 3.61e-16 FLOPS = 1.71e+10 Tdav = 0.01 T = 0.07
 --> Site =   23 .. Mmps =   35 Ndav =   1 E =  -1571.0246150644 Error = 8.32e-18 FLOPS = 3.72e+09 Tdav = 0.00 T = 0.03
 --> Site =   24 .. Mmps =   10 Ndav =   1 E =  -1571.0246150644 Error = 1.99e-18 FLOPS = 2.11e+08 Tdav = 0.00 T = 0.01
 --> Site =   25 .. Mmps =    3 Ndav =   1 E =  -1571.0246150644 Error = 1.40e-17 FLOPS = 9.94e+06 Tdav = 0.00 T = 0.00
 --> Site =   26 .. Mmps =    1 Ndav =   1 E =  -1571.0246150644 Error = 1.39e-17 FLOPS = 5.33e+05 Tdav = 0.00 T = 0.00
Time elapsed =     15.378 | E =   -1571.0246150644 | DE = -1.66e-03 | DW = 3.61e-16
Time sweep =        4.736 | 79.0 GFLOP/SWP
 | Dmem = 46.1 MB (0%) | Imem = 111 KB (96%) | Hmem = 316 MB | Pmem = 0 B
 | Tread = 0.320 | Twrite = 0.483 | Tfpread = 0.318 | Tfpwrite = 0.480 | Tmporead = 0.000 | Tasync = 0.000
 | data = 268 MB | cpsd = 201 MB
 | Trot = 0.277 | Tctr = 0.238 | Tint = 0.064 | Tmid = 0.097 | Tdctr = 0.069 | Tdiag = 0.037 | Tinfo = 0.033
 | Teff = 0.786 | Tprt = 0.000 | Teig = 2.321 | Tblk = 3.396 | Tmve = 1.337 | Tdm = 0.005 | Tsplt = 0.053 | Tsvd = 0.000 | Torth = 0.000

Sweep =    3 | Direction = backward | Bond dimension =  250 | Noise =  0.00e+00 | Dav threshold =  1.00e-07
 <-- Site =   26 .. Mmps =    3 Ndav =   1 E =  -1571.0246150644 Error = 0.00e+00 FLOPS = 5.37e+05 Tdav = 0.00 T = 0.00
 <-- Site =   25 .. Mmps =   10 Ndav =   1 E =  -1571.0246150644 Error = 0.00e+00 FLOPS = 1.05e+07 Tdav = 0.00 T = 0.00
 <-- Site =   24 .. Mmps =   35 Ndav =   1 E =  -1571.0246150644 Error = 0.00e+00 FLOPS = 2.13e+08 Tdav = 0.00 T = 0.00
 <-- Site =   23 .. Mmps =  124 Ndav =   1 E =  -1571.0246150644 Error = 1.67e-29 FLOPS = 7.01e+08 Tdav = 0.01 T = 0.02
 <-- Site =   22 .. Mmps =  250 Ndav =   1 E =  -1571.0246150644 Error = 6.40e-20 FLOPS = 8.70e+09 Tdav = 0.01 T = 0.05
 <-- Site =   21 .. Mmps =  250 Ndav =   1 E =  -1571.0246150644 Error = 1.36e-18 FLOPS = 2.70e+10 Tdav = 0.02 T = 0.07
 <-- Site =   20 .. Mmps =  250 Ndav =   1 E =  -1571.0246150644 Error = 3.29e-16 FLOPS = 2.54e+10 Tdav = 0.02 T = 0.10
 <-- Site =   19 .. Mmps =  250 Ndav =   2 E =  -1571.0246161254 Error = 4.40e-17 FLOPS = 2.36e+10 Tdav = 0.06 T = 0.20
 <-- Site =   18 .. Mmps =  250 Ndav =   4 E =  -1571.0246276818 Error = 1.34e-17 FLOPS = 3.32e+10 Tdav = 0.11 T = 0.34
 <-- Site =   17 .. Mmps =  250 Ndav =   5 E =  -1571.0246859308 Error = 2.42e-17 FLOPS = 3.68e+10 Tdav = 0.14 T = 0.34
 <-- Site =   16 .. Mmps =  250 Ndav =   5 E =  -1571.0247236419 Error = 1.45e-16 FLOPS = 3.59e+10 Tdav = 0.16 T = 0.28
 <-- Site =   15 .. Mmps =  250 Ndav =   3 E =  -1571.0247288026 Error = 2.58e-17 FLOPS = 3.64e+10 Tdav = 0.11 T = 0.26
 <-- Site =   14 .. Mmps =  250 Ndav =   4 E =  -1571.0247791012 Error = 2.91e-16 FLOPS = 3.69e+10 Tdav = 0.18 T = 0.35
 <-- Site =   13 .. Mmps =  250 Ndav =   3 E =  -1571.0248007533 Error = 5.66e-17 FLOPS = 5.58e+10 Tdav = 0.15 T = 0.48
 <-- Site =   12 .. Mmps =  250 Ndav =   4 E =  -1571.0248264040 Error = 8.53e-17 FLOPS = 3.48e+10 Tdav = 0.16 T = 0.28
 <-- Site =   11 .. Mmps =  250 Ndav =   4 E =  -1571.0248573724 Error = 2.17e-16 FLOPS = 3.44e+10 Tdav = 0.14 T = 0.28
 <-- Site =   10 .. Mmps =  250 Ndav =   4 E =  -1571.0248731049 Error = 1.27e-16 FLOPS = 3.26e+10 Tdav = 0.12 T = 0.25
 <-- Site =    9 .. Mmps =  250 Ndav =   8 E =  -1571.0257753436 Error = 5.36e-17 FLOPS = 3.43e+10 Tdav = 0.17 T = 0.27
 <-- Site =    8 .. Mmps =  250 Ndav =   7 E =  -1571.0261792267 Error = 1.26e-16 FLOPS = 2.87e+10 Tdav = 0.15 T = 0.23
 <-- Site =    7 .. Mmps =  250 Ndav =   7 E =  -1571.0263883838 Error = 8.31e-17 FLOPS = 2.82e+10 Tdav = 0.13 T = 0.21
 <-- Site =    6 .. Mmps =  250 Ndav =   4 E =  -1571.0263991828 Error = 7.91e-17 FLOPS = 3.03e+10 Tdav = 0.07 T = 0.13
 <-- Site =    5 .. Mmps =  250 Ndav =   3 E =  -1571.0264001434 Error = 4.59e-17 FLOPS = 2.46e+10 Tdav = 0.05 T = 0.11
 <-- Site =    4 .. Mmps =  125 Ndav =   2 E =  -1571.0264002644 Error = 8.20e-17 FLOPS = 1.01e+10 Tdav = 0.03 T = 0.09
 <-- Site =    3 .. Mmps =   35 Ndav =   1 E =  -1571.0264002644 Error = 1.73e-16 FLOPS = 5.03e+09 Tdav = 0.00 T = 0.03
 <-- Site =    2 .. Mmps =   10 Ndav =   1 E =  -1571.0264002644 Error = 1.16e-16 FLOPS = 2.27e+08 Tdav = 0.00 T = 0.01
 <-- Site =    1 .. Mmps =    3 Ndav =   1 E =  -1571.0264002644 Error = 2.78e-16 FLOPS = 4.16e+06 Tdav = 0.00 T = 0.00
 <-- Site =    0 .. Mmps =    1 Ndav =   1 E =  -1571.0264002644 Error = 1.11e-16 FLOPS = 6.38e+05 Tdav = 0.00 T = 0.00
Time elapsed =     19.775 | E =   -1571.0264002644 | DE = -1.79e-03 | DW = 3.29e-16
Time sweep =        4.397 | 63.2 GFLOP/SWP
 | Dmem = 46.1 MB (0%) | Imem = 111 KB (96%) | Hmem = 316 MB | Pmem = 0 B
 | Tread = 0.288 | Twrite = 0.501 | Tfpread = 0.286 | Tfpwrite = 0.498 | Tmporead = 0.000 | Tasync = 0.000
 | data = 271 MB | cpsd = 203 MB
 | Trot = 0.260 | Tctr = 0.210 | Tint = 0.075 | Tmid = 0.102 | Tdctr = 0.097 | Tdiag = 0.047 | Tinfo = 0.032
 | Teff = 0.795 | Tprt = 0.000 | Teig = 1.996 | Tblk = 3.021 | Tmve = 1.373 | Tdm = 0.006 | Tsplt = 0.052 | Tsvd = 0.000 | Torth = 0.000

Sweep =    4 | Direction =  forward | Bond dimension =  250 | Noise =  0.00e+00 | Dav threshold =  1.00e-07
 --> Site =    0 .. Mmps =    3 Ndav =   1 E =  -1571.0264002644 Error = 0.00e+00 FLOPS = 6.69e+05 Tdav = 0.00 T = 0.00
 --> Site =    1 .. Mmps =   10 Ndav =   1 E =  -1571.0264002644 Error = 0.00e+00 FLOPS = 1.04e+07 Tdav = 0.00 T = 0.00
 --> Site =    2 .. Mmps =   35 Ndav =   1 E =  -1571.0264002644 Error = 0.00e+00 FLOPS = 2.33e+08 Tdav = 0.00 T = 0.00
 --> Site =    3 .. Mmps =  125 Ndav =   1 E =  -1571.0264002644 Error = 0.00e+00 FLOPS = 4.41e+09 Tdav = 0.00 T = 0.01
 --> Site =    4 .. Mmps =  250 Ndav =   1 E =  -1571.0264002644 Error = 1.10e-18 FLOPS = 1.93e+10 Tdav = 0.01 T = 0.03
 --> Site =    5 .. Mmps =  250 Ndav =   1 E =  -1571.0264002644 Error = 3.11e-17 FLOPS = 2.27e+10 Tdav = 0.02 T = 0.08
 --> Site =    6 .. Mmps =  250 Ndav =   2 E =  -1571.0264003629 Error = 2.91e-17 FLOPS = 2.25e+10 Tdav = 0.04 T = 0.13
 --> Site =    7 .. Mmps =  250 Ndav =   3 E =  -1571.0264023226 Error = 8.49e-17 FLOPS = 2.13e+10 Tdav = 0.07 T = 0.16
 --> Site =    8 .. Mmps =  250 Ndav =   5 E =  -1571.0264683061 Error = 1.35e-16 FLOPS = 2.34e+10 Tdav = 0.13 T = 0.22
 --> Site =    9 .. Mmps =  250 Ndav =   7 E =  -1571.0270825651 Error = 1.50e-16 FLOPS = 3.34e+10 Tdav = 0.15 T = 0.25
 --> Site =   10 .. Mmps =  250 Ndav =   7 E =  -1571.0278331323 Error = 7.50e-17 FLOPS = 3.45e+10 Tdav = 0.20 T = 0.42
 --> Site =   11 .. Mmps =  250 Ndav =   5 E =  -1571.0278787123 Error = 2.63e-17 FLOPS = 3.34e+10 Tdav = 0.18 T = 0.34
 --> Site =   12 .. Mmps =  250 Ndav =   5 E =  -1571.0279124050 Error = 5.59e-17 FLOPS = 3.27e+10 Tdav = 0.21 T = 0.37
 --> Site =   13 .. Mmps =  250 Ndav =   5 E =  -1571.0279487415 Error = 2.21e-16 FLOPS = 5.34e+10 Tdav = 0.26 T = 0.60
 --> Site =   14 .. Mmps =  250 Ndav =   3 E =  -1571.0279688215 Error = 7.22e-17 FLOPS = 3.44e+10 Tdav = 0.15 T = 0.38
 --> Site =   15 .. Mmps =  250 Ndav =   4 E =  -1571.0280024187 Error = 1.07e-16 FLOPS = 3.38e+10 Tdav = 0.16 T = 0.31
 --> Site =   16 .. Mmps =  250 Ndav =   3 E =  -1571.0280082043 Error = 5.97e-18 FLOPS = 3.06e+10 Tdav = 0.11 T = 0.24
 --> Site =   17 .. Mmps =  250 Ndav =   5 E =  -1571.0280339975 Error = 1.57e-16 FLOPS = 3.42e+10 Tdav = 0.15 T = 0.26
 --> Site =   18 .. Mmps =  250 Ndav =   4 E =  -1571.0280546636 Error = 1.75e-16 FLOPS = 3.70e+10 Tdav = 0.10 T = 0.19
 --> Site =   19 .. Mmps =  250 Ndav =   3 E =  -1571.0280633108 Error = 5.15e-17 FLOPS = 3.28e+10 Tdav = 0.07 T = 0.15
 --> Site =   20 .. Mmps =  250 Ndav =   2 E =  -1571.0280643462 Error = 4.29e-18 FLOPS = 2.61e+10 Tdav = 0.04 T = 0.12
 --> Site =   21 .. Mmps =  250 Ndav =   2 E =  -1571.0280651419 Error = 4.91e-17 FLOPS = 2.21e+10 Tdav = 0.04 T = 0.12
 --> Site =   22 .. Mmps =  124 Ndav =   2 E =  -1571.0280652316 Error = 1.86e-16 FLOPS = 1.68e+10 Tdav = 0.01 T = 0.07
 --> Site =   23 .. Mmps =   35 Ndav =   1 E =  -1571.0280652316 Error = 1.26e-16 FLOPS = 3.89e+09 Tdav = 0.00 T = 0.04
 --> Site =   24 .. Mmps =   10 Ndav =   1 E =  -1571.0280652316 Error = 3.38e-18 FLOPS = 1.93e+08 Tdav = 0.00 T = 0.01
 --> Site =   25 .. Mmps =    3 Ndav =   1 E =  -1571.0280652316 Error = 8.62e-19 FLOPS = 9.48e+06 Tdav = 0.00 T = 0.00
 --> Site =   26 .. Mmps =    1 Ndav =   1 E =  -1571.0280652316 Error = 6.70e-19 FLOPS = 5.80e+05 Tdav = 0.00 T = 0.00
Time elapsed =     24.288 | E =   -1571.0280652316 | DE = -1.66e-03 | DW = 2.21e-16
Time sweep =        4.512 | 67.5 GFLOP/SWP
 | Dmem = 46.1 MB (0%) | Imem = 111 KB (96%) | Hmem = 316 MB | Pmem = 0 B
 | Tread = 0.343 | Twrite = 0.473 | Tfpread = 0.341 | Tfpwrite = 0.469 | Tmporead = 0.000 | Tasync = 0.000
 | data = 268 MB | cpsd = 201 MB
 | Trot = 0.278 | Tctr = 0.254 | Tint = 0.065 | Tmid = 0.100 | Tdctr = 0.072 | Tdiag = 0.039 | Tinfo = 0.032
 | Teff = 0.838 | Tprt = 0.000 | Teig = 2.126 | Tblk = 3.125 | Tmve = 1.384 | Tdm = 0.005 | Tsplt = 0.057 | Tsvd = 0.000 | Torth = 0.000

Sweep =    5 | Direction = backward | Bond dimension =  250 | Noise =  0.00e+00 | Dav threshold =  1.00e-07
 <-- Site =   26 .. Mmps =    3 Ndav =   1 E =  -1571.0280652316 Error = 0.00e+00 FLOPS = 5.92e+05 Tdav = 0.00 T = 0.00
 <-- Site =   25 .. Mmps =   10 Ndav =   1 E =  -1571.0280652316 Error = 0.00e+00 FLOPS = 9.87e+06 Tdav = 0.00 T = 0.00
 <-- Site =   24 .. Mmps =   35 Ndav =   1 E =  -1571.0280652316 Error = 0.00e+00 FLOPS = 2.11e+08 Tdav = 0.00 T = 0.00
 <-- Site =   23 .. Mmps =  124 Ndav =   1 E =  -1571.0280652316 Error = 0.00e+00 FLOPS = 3.40e+09 Tdav = 0.00 T = 0.01
 <-- Site =   22 .. Mmps =  250 Ndav =   1 E =  -1571.0280652316 Error = 4.02e-20 FLOPS = 1.49e+10 Tdav = 0.01 T = 0.03
 <-- Site =   21 .. Mmps =  250 Ndav =   2 E =  -1571.0280652764 Error = 9.52e-19 FLOPS = 2.47e+10 Tdav = 0.04 T = 0.10
 <-- Site =   20 .. Mmps =  250 Ndav =   1 E =  -1571.0280652764 Error = 8.13e-17 FLOPS = 2.67e+10 Tdav = 0.02 T = 0.10
 <-- Site =   19 .. Mmps =  250 Ndav =   2 E =  -1571.0280659745 Error = 1.32e-17 FLOPS = 2.89e+10 Tdav = 0.05 T = 0.14
 <-- Site =   18 .. Mmps =  250 Ndav =   3 E =  -1571.0280689568 Error = 1.61e-17 FLOPS = 3.12e+10 Tdav = 0.09 T = 0.18
 <-- Site =   17 .. Mmps =  250 Ndav =   4 E =  -1571.0280774526 Error = 2.12e-17 FLOPS = 3.55e+10 Tdav = 0.12 T = 0.23
 <-- Site =   16 .. Mmps =  250 Ndav =   4 E =  -1571.0280908320 Error = 1.74e-16 FLOPS = 3.56e+10 Tdav = 0.13 T = 0.25
 <-- Site =   15 .. Mmps =  250 Ndav =   3 E =  -1571.0280929643 Error = 8.80e-18 FLOPS = 3.53e+10 Tdav = 0.12 T = 0.27
 <-- Site =   14 .. Mmps =  250 Ndav =   3 E =  -1571.0281118663 Error = 1.45e-16 FLOPS = 3.59e+10 Tdav = 0.14 T = 0.52
 <-- Site =   13 .. Mmps =  250 Ndav =   3 E =  -1571.0281195924 Error = 3.41e-17 FLOPS = 5.22e+10 Tdav = 0.16 T = 0.60
 <-- Site =   12 .. Mmps =  250 Ndav =   3 E =  -1571.0281371211 Error = 8.74e-17 FLOPS = 3.18e+10 Tdav = 0.13 T = 0.28
 <-- Site =   11 .. Mmps =  250 Ndav =   3 E =  -1571.0281457346 Error = 1.08e-16 FLOPS = 3.08e+10 Tdav = 0.12 T = 0.25
 <-- Site =   10 .. Mmps =  250 Ndav =   3 E =  -1571.0281529777 Error = 7.59e-17 FLOPS = 2.79e+10 Tdav = 0.11 T = 0.23
 <-- Site =    9 .. Mmps =  250 Ndav =   6 E =  -1571.0283426331 Error = 3.93e-17 FLOPS = 3.02e+10 Tdav = 0.15 T = 0.25
 <-- Site =    8 .. Mmps =  250 Ndav =   6 E =  -1571.0287394884 Error = 1.11e-16 FLOPS = 2.57e+10 Tdav = 0.14 T = 0.23
 <-- Site =    7 .. Mmps =  250 Ndav =   6 E =  -1571.0289017409 Error = 1.01e-16 FLOPS = 2.73e+10 Tdav = 0.11 T = 0.20
 <-- Site =    6 .. Mmps =  250 Ndav =   4 E =  -1571.0289209255 Error = 9.44e-17 FLOPS = 3.01e+10 Tdav = 0.07 T = 0.13
 <-- Site =    5 .. Mmps =  250 Ndav =   3 E =  -1571.0289219644 Error = 4.24e-17 FLOPS = 2.62e+10 Tdav = 0.05 T = 0.12
 <-- Site =    4 .. Mmps =  125 Ndav =   2 E =  -1571.0289220845 Error = 1.96e-16 FLOPS = 1.88e+10 Tdav = 0.01 T = 0.06
 <-- Site =    3 .. Mmps =   35 Ndav =   1 E =  -1571.0289220845 Error = 2.32e-16 FLOPS = 4.12e+09 Tdav = 0.00 T = 0.04
 <-- Site =    2 .. Mmps =   10 Ndav =   1 E =  -1571.0289220845 Error = 5.17e-17 FLOPS = 2.09e+08 Tdav = 0.00 T = 0.01
 <-- Site =    1 .. Mmps =    3 Ndav =   1 E =  -1571.0289220845 Error = 2.05e-16 FLOPS = 9.53e+06 Tdav = 0.00 T = 0.00
 <-- Site =    0 .. Mmps =    1 Ndav =   1 E =  -1571.0289220845 Error = 2.22e-16 FLOPS = 5.48e+05 Tdav = 0.00 T = 0.00
Time elapsed =     28.532 | E =   -1571.0289220845 | DE = -8.57e-04 | DW = 2.32e-16
Time sweep =        4.244 | 53.5 GFLOP/SWP
 | Dmem = 46.1 MB (0%) | Imem = 111 KB (96%) | Hmem = 316 MB | Pmem = 0 B
 | Tread = 0.319 | Twrite = 0.504 | Tfpread = 0.317 | Tfpwrite = 0.474 | Tmporead = 0.000 | Tasync = 0.000
 | data = 271 MB | cpsd = 202 MB
 | Trot = 0.260 | Tctr = 0.220 | Tint = 0.069 | Tmid = 0.114 | Tdctr = 0.119 | Tdiag = 0.048 | Tinfo = 0.032
 | Teff = 0.877 | Tprt = 0.000 | Teig = 1.758 | Tblk = 2.871 | Tmve = 1.370 | Tdm = 0.005 | Tsplt = 0.054 | Tsvd = 0.000 | Torth = 0.000

Sweep =    6 | Direction =  forward | Bond dimension =  250 | Noise =  0.00e+00 | Dav threshold =  1.00e-07
 --> Site =    0 .. Mmps =    3 Ndav =   1 E =  -1571.0289220845 Error = 0.00e+00 FLOPS = 5.81e+05 Tdav = 0.00 T = 0.00
 --> Site =    1 .. Mmps =   10 Ndav =   1 E =  -1571.0289220845 Error = 0.00e+00 FLOPS = 1.23e+06 Tdav = 0.00 T = 0.01
 --> Site =    2 .. Mmps =   35 Ndav =   1 E =  -1571.0289220845 Error = 0.00e+00 FLOPS = 1.31e+08 Tdav = 0.00 T = 0.01
 --> Site =    3 .. Mmps =  125 Ndav =   1 E =  -1571.0289220845 Error = 0.00e+00 FLOPS = 3.89e+09 Tdav = 0.00 T = 0.01
 --> Site =    4 .. Mmps =  250 Ndav =   1 E =  -1571.0289220845 Error = 4.10e-18 FLOPS = 1.87e+10 Tdav = 0.01 T = 0.03
 --> Site =    5 .. Mmps =  250 Ndav =   1 E =  -1571.0289220845 Error = 2.36e-17 FLOPS = 2.11e+10 Tdav = 0.02 T = 0.08
 --> Site =    6 .. Mmps =  250 Ndav =   2 E =  -1571.0289221790 Error = 1.89e-17 FLOPS = 1.94e+10 Tdav = 0.05 T = 0.13
 --> Site =    7 .. Mmps =  250 Ndav =   3 E =  -1571.0289265204 Error = 6.56e-17 FLOPS = 2.22e+10 Tdav = 0.07 T = 0.15
 --> Site =    8 .. Mmps =  250 Ndav =   5 E =  -1571.0289920370 Error = 8.52e-17 FLOPS = 2.67e+10 Tdav = 0.11 T = 0.20
 --> Site =    9 .. Mmps =  250 Ndav =   5 E =  -1571.0292071803 Error = 2.31e-16 FLOPS = 2.95e+10 Tdav = 0.12 T = 0.22
 --> Site =   10 .. Mmps =  250 Ndav =   5 E =  -1571.0294322097 Error = 8.08e-17 FLOPS = 3.20e+10 Tdav = 0.16 T = 0.27
 --> Site =   11 .. Mmps =  250 Ndav =   4 E =  -1571.0294646455 Error = 2.13e-17 FLOPS = 3.44e+10 Tdav = 0.14 T = 0.28
 --> Site =   12 .. Mmps =  250 Ndav =   4 E =  -1571.0294755096 Error = 6.30e-17 FLOPS = 3.27e+10 Tdav = 0.17 T = 0.33
 --> Site =   13 .. Mmps =  250 Ndav =   4 E =  -1571.0294926843 Error = 2.58e-16 FLOPS = 5.39e+10 Tdav = 0.21 T = 0.55
 --> Site =   14 .. Mmps =  250 Ndav =   3 E =  -1571.0294985114 Error = 2.59e-17 FLOPS = 3.46e+10 Tdav = 0.14 T = 0.55
 --> Site =   15 .. Mmps =  250 Ndav =   3 E =  -1571.0295101102 Error = 1.12e-16 FLOPS = 3.54e+10 Tdav = 0.12 T = 0.26
 --> Site =   16 .. Mmps =  250 Ndav =   3 E =  -1571.0295129222 Error = 1.33e-17 FLOPS = 3.12e+10 Tdav = 0.11 T = 0.23
 --> Site =   17 .. Mmps =  250 Ndav =   4 E =  -1571.0295238122 Error = 4.87e-17 FLOPS = 3.16e+10 Tdav = 0.13 T = 0.24
 --> Site =   18 .. Mmps =  250 Ndav =   3 E =  -1571.0295296327 Error = 8.56e-17 FLOPS = 2.99e+10 Tdav = 0.09 T = 0.19
 --> Site =   19 .. Mmps =  250 Ndav =   3 E =  -1571.0295316588 Error = 4.14e-17 FLOPS = 3.99e+10 Tdav = 0.06 T = 0.14
 --> Site =   20 .. Mmps =  250 Ndav =   2 E =  -1571.0295323369 Error = 1.52e-18 FLOPS = 2.53e+10 Tdav = 0.04 T = 0.12
 --> Site =   21 .. Mmps =  250 Ndav =   2 E =  -1571.0295326591 Error = 1.28e-16 FLOPS = 2.28e+10 Tdav = 0.04 T = 0.13
 --> Site =   22 .. Mmps =  124 Ndav =   2 E =  -1571.0295327279 Error = 1.58e-16 FLOPS = 1.73e+10 Tdav = 0.01 T = 0.07
 --> Site =   23 .. Mmps =   35 Ndav =   1 E =  -1571.0295327279 Error = 1.23e-16 FLOPS = 3.53e+09 Tdav = 0.00 T = 0.03
 --> Site =   24 .. Mmps =   10 Ndav =   1 E =  -1571.0295327279 Error = 1.46e-17 FLOPS = 2.01e+08 Tdav = 0.00 T = 0.01
 --> Site =   25 .. Mmps =    3 Ndav =   1 E =  -1571.0295327279 Error = 7.60e-18 FLOPS = 8.94e+06 Tdav = 0.00 T = 0.00
 --> Site =   26 .. Mmps =    1 Ndav =   1 E =  -1571.0295327279 Error = 0.00e+00 FLOPS = 5.97e+05 Tdav = 0.00 T = 0.00
Time elapsed =     32.784 | E =   -1571.0295327279 | DE = -6.11e-04 | DW = 2.58e-16
Time sweep =        4.252 | 56.2 GFLOP/SWP
 | Dmem = 46.1 MB (0%) | Imem = 111 KB (96%) | Hmem = 316 MB | Pmem = 0 B
 | Tread = 0.337 | Twrite = 0.460 | Tfpread = 0.335 | Tfpwrite = 0.457 | Tmporead = 0.000 | Tasync = 0.000
 | data = 268 MB | cpsd = 200 MB
 | Trot = 0.285 | Tctr = 0.252 | Tint = 0.063 | Tmid = 0.098 | Tdctr = 0.071 | Tdiag = 0.041 | Tinfo = 0.033
 | Teff = 0.828 | Tprt = 0.000 | Teig = 1.818 | Tblk = 2.760 | Tmve = 1.489 | Tdm = 0.006 | Tsplt = 0.055 | Tsvd = 0.000 | Torth = 0.000

Sweep =    7 | Direction = backward | Bond dimension =  250 | Noise =  0.00e+00 | Dav threshold =  1.00e-07
 <-- Site =   26 .. Mmps =    3 Ndav =   1 E =  -1571.0295327279 Error = 0.00e+00 FLOPS = 5.78e+05 Tdav = 0.00 T = 0.00
 <-- Site =   25 .. Mmps =   10 Ndav =   1 E =  -1571.0295327279 Error = 0.00e+00 FLOPS = 9.17e+06 Tdav = 0.00 T = 0.00
 <-- Site =   24 .. Mmps =   35 Ndav =   1 E =  -1571.0295327279 Error = 0.00e+00 FLOPS = 1.92e+08 Tdav = 0.00 T = 0.00
 <-- Site =   23 .. Mmps =  124 Ndav =   1 E =  -1571.0295327279 Error = 4.01e-30 FLOPS = 3.51e+09 Tdav = 0.00 T = 0.01
 <-- Site =   22 .. Mmps =  250 Ndav =   1 E =  -1571.0295327279 Error = 1.52e-19 FLOPS = 1.42e+10 Tdav = 0.01 T = 0.03
 <-- Site =   21 .. Mmps =  250 Ndav =   2 E =  -1571.0295327661 Error = 8.97e-19 FLOPS = 2.78e+10 Tdav = 0.03 T = 0.09
 <-- Site =   20 .. Mmps =  250 Ndav =   1 E =  -1571.0295327661 Error = 4.57e-16 FLOPS = 2.45e+10 Tdav = 0.02 T = 0.09
 <-- Site =   19 .. Mmps =  250 Ndav =   2 E =  -1571.0295336353 Error = 8.53e-17 FLOPS = 3.02e+10 Tdav = 0.05 T = 0.14
 <-- Site =   18 .. Mmps =  250 Ndav =   3 E =  -1571.0295349466 Error = 1.51e-17 FLOPS = 3.17e+10 Tdav = 0.08 T = 0.19
 <-- Site =   17 .. Mmps =  250 Ndav =   3 E =  -1571.0295382259 Error = 2.35e-17 FLOPS = 3.25e+10 Tdav = 0.09 T = 0.21
 <-- Site =   16 .. Mmps =  250 Ndav =   3 E =  -1571.0295457912 Error = 3.60e-16 FLOPS = 3.12e+10 Tdav = 0.11 T = 0.23
 <-- Site =   15 .. Mmps =  250 Ndav =   2 E =  -1571.0295469360 Error = 3.71e-17 FLOPS = 3.12e+10 Tdav = 0.09 T = 0.23
 <-- Site =   14 .. Mmps =  250 Ndav =   3 E =  -1571.0295559875 Error = 2.40e-16 FLOPS = 3.56e+10 Tdav = 0.14 T = 0.30
 <-- Site =   13 .. Mmps =  250 Ndav =   3 E =  -1571.0295589607 Error = 1.29e-16 FLOPS = 5.42e+10 Tdav = 0.16 T = 0.49
 <-- Site =   12 .. Mmps =  250 Ndav =   3 E =  -1571.0295711395 Error = 8.26e-17 FLOPS = 3.30e+10 Tdav = 0.12 T = 0.25
 <-- Site =   11 .. Mmps =  250 Ndav =   3 E =  -1571.0295767729 Error = 1.50e-16 FLOPS = 3.15e+10 Tdav = 0.12 T = 0.26
 <-- Site =   10 .. Mmps =  250 Ndav =   4 E =  -1571.0295990068 Error = 1.25e-16 FLOPS = 2.98e+10 Tdav = 0.13 T = 0.26
 <-- Site =    9 .. Mmps =  250 Ndav =   6 E =  -1571.0298770066 Error = 4.19e-17 FLOPS = 3.04e+10 Tdav = 0.14 T = 0.25
 <-- Site =    8 .. Mmps =  250 Ndav =   5 E =  -1571.0301433620 Error = 1.12e-16 FLOPS = 2.76e+10 Tdav = 0.11 T = 0.21
 <-- Site =    7 .. Mmps =  250 Ndav =   5 E =  -1571.0302156046 Error = 1.05e-16 FLOPS = 2.55e+10 Tdav = 0.10 T = 0.23
 <-- Site =    6 .. Mmps =  250 Ndav =   3 E =  -1571.0302205781 Error = 1.00e-16 FLOPS = 2.17e+10 Tdav = 0.07 T = 0.21
 <-- Site =    5 .. Mmps =  250 Ndav =   2 E =  -1571.0302209360 Error = 5.39e-17 FLOPS = 2.67e+10 Tdav = 0.03 T = 0.11
 <-- Site =    4 .. Mmps =  125 Ndav =   1 E =  -1571.0302209360 Error = 9.40e-17 FLOPS = 1.52e+10 Tdav = 0.01 T = 0.06
 <-- Site =    3 .. Mmps =   35 Ndav =   1 E =  -1571.0302209360 Error = 3.45e-16 FLOPS = 4.09e+09 Tdav = 0.00 T = 0.04
 <-- Site =    2 .. Mmps =   10 Ndav =   1 E =  -1571.0302209360 Error = 1.42e-16 FLOPS = 1.84e+08 Tdav = 0.00 T = 0.02
 <-- Site =    1 .. Mmps =    3 Ndav =   1 E =  -1571.0302209360 Error = 3.87e-17 FLOPS = 8.77e+06 Tdav = 0.00 T = 0.00
 <-- Site =    0 .. Mmps =    1 Ndav =   1 E =  -1571.0302209360 Error = 2.22e-16 FLOPS = 5.35e+05 Tdav = 0.00 T = 0.00
Time elapsed =     36.690 | E =   -1571.0302209360 | DE = -6.88e-04 | DW = 4.57e-16
Time sweep =        3.906 | 49.1 GFLOP/SWP
 | Dmem = 46.1 MB (0%) | Imem = 111 KB (96%) | Hmem = 316 MB | Pmem = 0 B
 | Tread = 0.282 | Twrite = 0.527 | Tfpread = 0.280 | Tfpwrite = 0.524 | Tmporead = 0.000 | Tasync = 0.000
 | data = 271 MB | cpsd = 202 MB
 | Trot = 0.260 | Tctr = 0.223 | Tint = 0.073 | Tmid = 0.103 | Tdctr = 0.092 | Tdiag = 0.037 | Tinfo = 0.032
 | Teff = 0.767 | Tprt = 0.000 | Teig = 1.635 | Tblk = 2.571 | Tmve = 1.331 | Tdm = 0.006 | Tsplt = 0.057 | Tsvd = 0.000 | Torth = 0.000

ATTENTION: DMRG is not converged to desired tolerance of 1.000e-06
Final canonical form =  SRRRRRRRRRRRRRRRRRRRRRRRRRR 0
DMRG Energy = -1571.030220935996795
npdm string = ['((C+(C+D)0)1+D)0']

Build NPDM MPO | Nsites =    27 | Nmaxops =  4 | SymbolFree = T | Cutoff = 0.00e+00
 Site =     0 /    27 .. L =       15 R =        1 M =            0 Tmid = 0.000 T = 0.000
 Site =     1 /    27 .. L =       37 R =     2809 M =         6944 Tmid = 0.000 T = 0.001
 Site =     2 /    27 .. L =       59 R =     2601 M =        19434 Tmid = 0.000 T = 0.001
 Site =     3 /    27 .. L =       81 R =     2401 M =        29944 Tmid = 0.000 T = 0.001
 Site =     4 /    27 .. L =      103 R =     2209 M =        38594 Tmid = 0.000 T = 0.001
 Site =     5 /    27 .. L =      125 R =     2025 M =        45504 Tmid = 0.000 T = 0.001
 Site =     6 /    27 .. L =      147 R =     1849 M =        50794 Tmid = 0.000 T = 0.001
 Site =     7 /    27 .. L =      169 R =     1681 M =        54584 Tmid = 0.000 T = 0.001
 Site =     8 /    27 .. L =      191 R =     1521 M =        56994 Tmid = 0.000 T = 0.001
 Site =     9 /    27 .. L =      213 R =     1369 M =        58144 Tmid = 0.000 T = 0.000
 Site =    10 /    27 .. L =      235 R =     1225 M =        58154 Tmid = 0.000 T = 0.000
 Site =    11 /    27 .. L =      257 R =     1089 M =        57144 Tmid = 0.000 T = 0.000
 Site =    12 /    27 .. L =      279 R =      961 M =        55234 Tmid = 0.000 T = 0.000
 Site =    13 /    27 .. L =      301 R =      841 M =        52544 Tmid = 0.000 T = 0.000
 Site =    14 /    27 .. L =      323 R =      729 M =        49194 Tmid = 0.000 T = 0.000
 Site =    15 /    27 .. L =      345 R =      625 M =        45304 Tmid = 0.000 T = 0.000
 Site =    16 /    27 .. L =      367 R =      529 M =        40994 Tmid = 0.000 T = 0.000
 Site =    17 /    27 .. L =      389 R =      441 M =        36384 Tmid = 0.000 T = 0.000
 Site =    18 /    27 .. L =      411 R =      361 M =        31594 Tmid = 0.000 T = 0.000
 Site =    19 /    27 .. L =      433 R =      289 M =        26744 Tmid = 0.000 T = 0.000
 Site =    20 /    27 .. L =      455 R =      225 M =        21954 Tmid = 0.000 T = 0.000
 Site =    21 /    27 .. L =      477 R =      169 M =        17344 Tmid = 0.000 T = 0.000
 Site =    22 /    27 .. L =      499 R =      121 M =        13034 Tmid = 0.000 T = 0.000
 Site =    23 /    27 .. L =      521 R =       81 M =         9144 Tmid = 0.000 T = 0.000
 Site =    24 /    27 .. L =      543 R =       49 M =         5794 Tmid = 0.000 T = 0.000
 Site =    25 /    27 .. L =      565 R =       25 M =         3104 Tmid = 0.000 T = 0.000
 Site =    26 /    27 .. L =        1 R =       15 M =         1378 Tmid = 0.000 T = 0.000
Ttotal =      0.011

Environment initialization | Nsites =    27 | Center =     0
 INIT-R <-- Site =   25 ..  Bmem =   176 B Rmem =   176 B T = 0.00
 INIT-R <-- Site =   24 ..  Bmem =   176 B Rmem = 2.44 KB T = 0.00
 INIT-R <-- Site =   23 ..  Bmem = 2.44 KB Rmem = 51.6 KB T = 0.00
 INIT-R <-- Site =   22 ..  Bmem = 51.6 KB Rmem =  990 KB T = 0.00
 INIT-R <-- Site =   21 ..  Bmem =  990 KB Rmem = 5.87 MB T = 0.03
 INIT-R <-- Site =   20 ..  Bmem = 5.87 MB Rmem = 8.44 MB T = 0.04
 INIT-R <-- Site =   19 ..  Bmem = 8.44 MB Rmem = 11.7 MB T = 0.06
 INIT-R <-- Site =   18 ..  Bmem = 11.7 MB Rmem = 15.2 MB T = 0.08
 INIT-R <-- Site =   17 ..  Bmem = 15.2 MB Rmem = 19.3 MB T = 0.09
 INIT-R <-- Site =   16 ..  Bmem = 19.3 MB Rmem = 22.6 MB T = 0.10
 INIT-R <-- Site =   15 ..  Bmem = 22.6 MB Rmem = 27.5 MB T = 0.12
 INIT-R <-- Site =   14 ..  Bmem = 27.5 MB Rmem = 33.7 MB T = 0.14
 INIT-R <-- Site =   13 ..  Bmem = 33.7 MB Rmem = 40.0 MB T = 0.15
 INIT-R <-- Site =   12 ..  Bmem = 40.0 MB Rmem = 43.8 MB T = 0.16
 INIT-R <-- Site =   11 ..  Bmem = 43.8 MB Rmem = 48.7 MB T = 0.17
 INIT-R <-- Site =   10 ..  Bmem = 48.7 MB Rmem = 56.9 MB T = 0.24
 INIT-R <-- Site =    9 ..  Bmem = 56.9 MB Rmem = 59.8 MB T = 0.23
 INIT-R <-- Site =    8 ..  Bmem = 59.8 MB Rmem = 63.8 MB T = 0.25
 INIT-R <-- Site =    7 ..  Bmem = 63.8 MB Rmem = 69.9 MB T = 0.26
 INIT-R <-- Site =    6 ..  Bmem = 69.9 MB Rmem = 83.0 MB T = 0.30
 INIT-R <-- Site =    5 ..  Bmem = 83.0 MB Rmem = 99.4 MB T = 0.38
 INIT-R <-- Site =    4 ..  Bmem = 99.4 MB Rmem =  115 MB T = 0.42
 INIT-R <-- Site =    3 ..  Bmem =  115 MB Rmem = 28.2 MB T = 0.22
 INIT-R <-- Site =    2 ..  Bmem = 28.2 MB Rmem = 2.60 MB T = 0.03
 INIT-R <-- Site =    1 ..  Bmem = 2.60 MB Rmem =  258 KB T = 0.01
 INIT-R <-- Site =    0 ..  Bmem =  258 KB Rmem = 27.4 KB T = 0.01
Time init sweep =        3.506 | MaxBmem = 99.4 MB | MaxRmem =  115 MB
 | Tread = 0.000 | Twrite = 1.572 | Tfpread = 0.000 | Tfpwrite = 1.568 | data = 856 MB | cpsd = 645 MB | Tasync = 0.000


Expectation | Direction =  forward | BRA bond dimension =  250 | KET bond dimension =  250
 --> Site =    0 .. Nterms =         2862 Error =  0.000000000000/ 0.000000000000 FLOPS = 6.91e+04 Tmult = 0.05 T = 0.07
 --> Site =    1 .. Nterms =         6656 Error =  0.000000000000/ 0.000000000000 FLOPS = 1.18e+07 Tmult = 0.01 T = 0.01
 --> Site =    2 .. Nterms =         9850 Error =  0.000000000000/ 0.000000000000 FLOPS = 2.16e+08 Tmult = 0.01 T = 0.02
 --> Site =    3 .. Nterms =        12480 Error =  0.000000000000/ 0.000000000000 FLOPS = 2.20e+09 Tmult = 0.01 T = 0.04
 --> Site =    4 .. Nterms =        14582 Error =  0.000000000000/ 0.000000000000 FLOPS = 2.16e+09 Tmult = 0.07 T = 0.25
 --> Site =    5 .. Nterms =        16192 Error =  0.000000000000/ 0.000000000000 FLOPS = 5.67e+09 Tmult = 0.03 T = 0.19
 --> Site =    6 .. Nterms =        17346 Error =  0.000000000000/ 0.000000000000 FLOPS = 1.99e+09 Tmult = 0.08 T = 0.33
 --> Site =    7 .. Nterms =        18080 Error =  0.000000000000/ 0.000000000000 FLOPS = 3.03e+09 Tmult = 0.05 T = 0.44
 --> Site =    8 .. Nterms =        18430 Error =  0.000000000000/ 0.000000000000 FLOPS = 5.83e+09 Tmult = 0.03 T = 0.25
 --> Site =    9 .. Nterms =        18432 Error =  0.000000000000/ 0.000000000000 FLOPS = 6.18e+09 Tmult = 0.03 T = 0.31
 --> Site =   10 .. Nterms =        18122 Error =  0.000000000000/ 0.000000000000 FLOPS = 4.61e+09 Tmult = 0.04 T = 0.37
 --> Site =   11 .. Nterms =        17536 Error =  0.000000000000/ 0.000000000000 FLOPS = 6.44e+09 Tmult = 0.03 T = 0.39
 --> Site =   12 .. Nterms =        16710 Error =  0.000000000000/ 0.000000000000 FLOPS = 7.41e+09 Tmult = 0.03 T = 0.18
 --> Site =   13 .. Nterms =        15680 Error =  0.000000000000/ 0.000000000000 FLOPS = 7.99e+09 Tmult = 0.03 T = 0.19
 --> Site =   14 .. Nterms =        14482 Error =  0.000000000000/ 0.000000000000 FLOPS = 7.46e+09 Tmult = 0.03 T = 0.22
 --> Site =   15 .. Nterms =        13152 Error =  0.000000000000/ 0.000000000000 FLOPS = 7.98e+09 Tmult = 0.03 T = 0.15
 --> Site =   16 .. Nterms =        11726 Error =  0.000000000000/ 0.000000000000 FLOPS = 8.29e+09 Tmult = 0.02 T = 0.15
 --> Site =   17 .. Nterms =        10240 Error =  0.000000000000/ 0.000000000000 FLOPS = 8.50e+09 Tmult = 0.03 T = 0.16
 --> Site =   18 .. Nterms =         8730 Error =  0.000000000000/ 0.000000000000 FLOPS = 8.63e+09 Tmult = 0.02 T = 0.16
 --> Site =   19 .. Nterms =         7232 Error =  0.000000000000/ 0.000000000000 FLOPS = 8.62e+09 Tmult = 0.02 T = 0.16
 --> Site =   20 .. Nterms =         5782 Error =  0.000000000000/ 0.000000000000 FLOPS = 8.36e+09 Tmult = 0.02 T = 0.15
 --> Site =   21 .. Nterms =         4416 Error =  0.000000000000/ 0.000000000000 FLOPS = 7.66e+09 Tmult = 0.03 T = 0.16
 --> Site =   22 .. Nterms =         3170 Error =  0.000000000000/ 0.000000000000 FLOPS = 7.05e+09 Tmult = 0.01 T = 0.14
 --> Site =   23 .. Nterms =         2080 Error =  0.000000000000/ 0.000000000000 FLOPS = 1.50e+09 Tmult = 0.01 T = 0.10
 --> Site =   24 .. Nterms =         1182 Error =  0.000000000000/ 0.000000000000 FLOPS = 1.05e+08 Tmult = 0.00 T = 0.03
 --> Site =   25 .. Nterms =          618 Error =  0.000000000000/ 0.000000000000 FLOPS = 4.93e+06 Tmult = 0.00 T = 0.01
 --> Site =   26 .. Nterms =            0 Error =  0.000000000000/ 0.000000000000 FLOPS = 0.00e+00 Tmult = 0.00 T = 0.00
Time elapsed =      4.614
Time sweep =        4.614 | 3.37 GFLOP/SWP
 | Dmem = 115 MB (0%) | Imem = 14.7 KB (62%) | Hmem = 120 MB | MaxBmem = 24.2 MB | MaxRmem = 27.3 MB
 | Tread = 0.715 | Twrite = 1.051 | Tfpread = 0.713 | Tfpwrite = 1.048 | data = 304 MB | cpsd = 233 MB | Tasync = 0.000
 | Trot = 0.604 | Tctr = 0.093 | Tint = 0.006 | Tmid = 0.000 | Tdctr = 0.000 | Tdiag = 0.004 | Tinfo = 0.029
 | Teff = 1.274 | Texpt = 0.727 | Tblk = 4.613 | Tmve = 0.000

NPDM Sorting | Nsites =    27 | Nmaxops =  4 | DotSite = 0 | SymbolFree = T | Compressed = T | LowMem = F | Mem = 4.05 MB
 Site =     0 ..  T = 0.002
 Site =     1 ..  T = 0.001
 Site =     2 ..  T = 0.002
 Site =     3 ..  T = 0.003
 Site =     4 ..  T = 0.001
 Site =     5 ..  T = 0.001
 Site =     6 ..  T = 0.001
 Site =     7 ..  T = 0.001
 Site =     8 ..  T = 0.001
 Site =     9 ..  T = 0.001
 Site =    10 ..  T = 0.001
 Site =    11 ..  T = 0.001
 Site =    12 ..  T = 0.001
 Site =    13 ..  T = 0.001
 Site =    14 ..  T = 0.001
 Site =    15 ..  T = 0.001
 Site =    16 ..  T = 0.001
 Site =    17 ..  T = 0.001
 Site =    18 ..  T = 0.000
 Site =    19 ..  T = 0.000
 Site =    20 ..  T = 0.000
 Site =    21 ..  T = 0.000
 Site =    22 ..  T = 0.000
 Site =    23 ..  T = 0.000
 Site =    24 ..  T = 0.000
 Site =    25 ..  T = 0.000
Ttotal =      0.024

